Craton,REFERENCE,SAMPLE_ID,ROCK_NAME,LATITUDE,LONGITUDE,MIN_AGE,AGE,MAX_AGE,C_MIN_AGE,C_AGE,C_MAX_AGE,Arc_probability3,CITATIONS,TECTONIC SETTING,LOCATION,LOCATION COMMENT,LATITUDE MIN,LATITUDE MAX,LONGITUDE MIN,LONGITUDE MAX,LAND OR SEA,ELEVATION MIN,ELEVATION MAX,SAMPLE NAME,ROCK NAME,MIN. AGE (YRS.),MAX. AGE (YRS.),GEOL.,ERUPTION DAY,ERUPTION MONTH,ERUPTION YEAR,ROCK TEXTURE,ROCK TYPE,DRILL DEPTH MIN,DRILL DEPTHAX,ALTERATION,MINERAL,MATERIAL,SIO2(WT%),TIO2(WT%),B2O3(WT%),AL2O3(WT%),CR2O3(WT%),FE2O3(WT%),FEO(WT%),FEOT(WT%),CAO(WT%),MGO(WT%),MNO(WT%),NIO(WT%),K2O(WT%),NA2O(WT%),P2O5(WT%),H2O(WT%),H2OP(WT%),H2OM(WT%),H2OT(WT%),CO2(WT%),CO1(WT%),F(WT%),CL(WT%),CL2(WT%),OH(WT%),CH4(WT%),SO2(WT%),SO3(WT%),SO4(WT%),S(WT%),LOI(WT%),VOLATILES(WT%),O(WT%),OTHERS(WT%),HE(CCM/G),HE(CCMSTP/G),HE3(CCMSTP/G),HE3(AT/G),HE4(CCM/G),HE4(CCMSTP/G),HE4(AT/G),HE4(MOLE/G),HE4(NCC/G),HE(NCC/G),LI(PPM),BE(PPM),B(PPM),C(PPM),CO2(PPM),F(PPM),NA(PPM),MG(PPM),AL(PPM),P(PPM),S(PPM),CL(PPM),K(PPM),CA(PPM),SC(PPM),TI(PPM),V(PPM),CR(PPM),MN(PPM),FE(PPM),CO(PPM),NI(PPM),CU(PPM),ZN(PPM),GA(PPM),GE(PPM),AS(PPM),SE(PPM),BR(PPM),RB(PPM),SR(PPM),Y(PPM),ZR(PPM),NB(PPM),MO(PPM),RU(PPM),RH(PPM),PD(PPM),AG(PPM),CD(PPM),IN(PPM),SN(PPM),SB(PPM),TE(PPM),I(PPM),CS(PPM),BA(PPM),LA(PPM),CE(PPM),PR(PPM),ND(PPM),SM(PPM),EU(PPM),GD(PPM),TB(PPM),DY(PPM),HO(PPM),ER(PPM),TM(PPM),YB(PPM),LU(PPM),HF(PPM),TA(PPM),W(PPM),RE(PPM),OS(PPM),IR(PPM),PT(PPM),AU(PPM),HG(PPM),TL(PPM),PB(PPM),BI(PPM),TH(PPM),U(PPM),ND143_ND144,ND143_ND144_INI,EPSILON_ND,SR87_SR86,SR87_SR86_INI,PB206_PB204,PB206_PB204_INI,PB207_PB204,PB207_PB204_INI,PB208_PB204,PB208_PB204_INI,OS184_OS188,OS186_OS188,OS187_OS186,OS187_OS188,RE187_OS186,RE187_OS188,HF176_HF177,HE3_HE4,HE3_HE4(R/R(A)),HE4_HE3,HE4_HE3(R/R(A)),K40_AR40,AR40_K40,UNIQUE_ID,Unnamed: 171
North China Craton,A MORB-ARC BASALT-ADAKITE ASSOCIATION IN THE 2.5 GA WUTAI GREENSTONE BELT: LATE ARCHEAN MAGMATISM AND CRUSTAL GROWTH IN THE NORTH CHINA CRATON,WS13,BASALT,38.5,113.0,2500.0,ARCHEAN,2500.0,2538.9,2543.0,2547.1,0.998713136,A MORB-ARC BASALT-ADAKITE ASSOCIATION IN THE 2.5 GA WUTAI GREENSTONE BELT: LATE ARCHEAN MAGMATISM AND CRUSTAL GROWTH IN THE NORTH CHINA CRATON,ARCHEAN CRATON (INCLUDING GREENSTONE BELTS),North China Craton,,38.5,38.5,113.0,113.0,,,,WS13,BASALT,2500000000.0,2500000000.0,PALEO,,,,,BASALT,,,,,WR,53.26,0.86,,14.83,,,,10.23,8.31,6.48,0.2,,0.57,2.83,0.1,,,,,,,,,,,,,,,,,,,,,,,,,,,,,,,,,,,,,,,,,,,,,,,108.0,,,,81.0,,,,,,,,7.0,236.0,16.39,61.0,0.49,,,,,,,,,,,,,128.0,6.78,15.24,1.95,8.19,2.2,0.7,2.91,0.54,3.51,0.74,2.26,,2.24,0.36,2.44,0.04,,,,,,,,,,,1.24,0.38,,,,,,,,,,,,,,,,,,,,,,,,,,
North China Craton,A MORB-ARC BASALT-ADAKITE ASSOCIATION IN THE 2.5 GA WUTAI GREENSTONE BELT: LATE ARCHEAN MAGMATISM AND CRUSTAL GROWTH IN THE NORTH CHINA CRATON,WS28,BASALT,38.5,113.0,2500.0,ARCHEAN,2500.0,2538.9,2543.0,2547.1,0.001830078,A MORB-ARC BASALT-ADAKITE ASSOCIATION IN THE 2.5 GA WUTAI GREENSTONE BELT: LATE ARCHEAN MAGMATISM AND CRUSTAL GROWTH IN THE NORTH CHINA CRATON,ARCHEAN CRATON (INCLUDING GREENSTONE BELTS),North China Craton,,38.5,38.5,113.0,113.0,,,,WS28,BASALT,2500000000.0,2500000000.0,PALEO,,,,,BASALT,,,,,WR,49.53,0.89,,13.68,,,,12.23,11.15,6.46,0.22,,0.2,1.86,0.1,,,,,,,,,,,,,,,,,,,,,,,,,,,,,,,,,,,,,,,,,,,,,,,127.0,,,,51.0,,,,,,,,7.0,127.0,20.0,52.0,2.2,,,,,,,,,,,,,70.0,5.18,12.37,1.77,8.18,2.49,0.83,3.45,0.67,4.48,0.94,2.7,,2.78,0.42,2.07,0.2,,,,,,,,,,,0.5,0.08,,,,,,,,,,,,,,,,,,,,,,,,,,
North China Craton,A MORB-ARC BASALT-ADAKITE ASSOCIATION IN THE 2.5 GA WUTAI GREENSTONE BELT: LATE ARCHEAN MAGMATISM AND CRUSTAL GROWTH IN THE NORTH CHINA CRATON,WS30,BASALT,38.5,113.0,2500.0,ARCHEAN,2500.0,2538.9,2543.0,2547.1,0.982981145,A MORB-ARC BASALT-ADAKITE ASSOCIATION IN THE 2.5 GA WUTAI GREENSTONE BELT: LATE ARCHEAN MAGMATISM AND CRUSTAL GROWTH IN THE NORTH CHINA CRATON,ARCHEAN CRATON (INCLUDING GREENSTONE BELTS),North China Craton,,38.5,38.5,113.0,113.0,,,,WS30,BASALT,2500000000.0,2500000000.0,PALEO,,,,,BASALT,,,,,WR,50.32,1.04,,14.65,,,,11.26,8.87,7.01,0.21,,0.41,2.38,0.04,,,,,,,,,,,,,,,,,,,,,,,,,,,,,,,,,,,,,,,,,,,,,,,87.0,,,,55.0,,,,,,,,7.0,165.0,12.55,30.0,0.36,,,,,,,,,,,,,55.0,4.02,8.5,1.15,5.37,0.4,0.63,2.01,0.38,2.63,0.57,1.71,,1.9,0.28,1.24,0.02,,,,,,,,,,,0.33,0.13,,,,,,,,,,,,,,,,,,,,,,,,,,
North China Craton,A MORB-ARC BASALT-ADAKITE ASSOCIATION IN THE 2.5 GA WUTAI GREENSTONE BELT: LATE ARCHEAN MAGMATISM AND CRUSTAL GROWTH IN THE NORTH CHINA CRATON,WR7,BASALT,38.5,113.0,2500.0,ARCHEAN,2500.0,2538.9,2543.0,2547.1,0.592684984,A MORB-ARC BASALT-ADAKITE ASSOCIATION IN THE 2.5 GA WUTAI GREENSTONE BELT: LATE ARCHEAN MAGMATISM AND CRUSTAL GROWTH IN THE NORTH CHINA CRATON,ARCHEAN CRATON (INCLUDING GREENSTONE BELTS),North China Craton,,38.5,38.5,113.0,113.0,,,,WR7,BASALT,2500000000.0,2500000000.0,PALEO,,,,,BASALT,,,,,WR,49.5,0.79,,14.29,,,,12.32,10.71,7.18,0.23,,0.62,2.11,0.1,,,,,,,,,,,,,,,,,,,,,,,,,,,,,,,,,,,,,,,,,,,,,,,103.0,,,,60.0,,,,,,,,14.0,146.0,16.79,48.0,1.91,,,,,,,,,,,,,98.0,4.73,11.16,1.56,6.95,1.86,0.6,2.78,0.48,3.12,0.7,1.86,,,0.28,1.41,0.09,,,,,,,,,,,0.25,0.09,,,,,,,,,,,,,,,,,,,,,,,,,,
North China Craton,A MORB-ARC BASALT-ADAKITE ASSOCIATION IN THE 2.5 GA WUTAI GREENSTONE BELT: LATE ARCHEAN MAGMATISM AND CRUSTAL GROWTH IN THE NORTH CHINA CRATON,WR9,BASALT,38.5,113.0,2500.0,ARCHEAN,2500.0,2538.9,2543.0,2547.1,0.959673107,A MORB-ARC BASALT-ADAKITE ASSOCIATION IN THE 2.5 GA WUTAI GREENSTONE BELT: LATE ARCHEAN MAGMATISM AND CRUSTAL GROWTH IN THE NORTH CHINA CRATON,ARCHEAN CRATON (INCLUDING GREENSTONE BELTS),North China Craton,,38.5,38.5,113.0,113.0,,,,WR9,BASALT,2500000000.0,2500000000.0,PALEO,,,,,BASALT,,,,,WR,49.76,0.81,,14.13,,,,12.26,10.53,7.39,0.24,,0.69,1.53,0.1,,,,,,,,,,,,,,,,,,,,,,,,,,,,,,,,,,,,,,,,,,,,,,,104.0,,,,69.0,,,,,,,,36.0,130.0,17.29,49.0,,,,,,,,,,,,,,80.0,5.12,12.26,1.63,7.68,2.14,0.59,2.77,0.48,3.38,0.7,1.95,,1.84,0.29,1.52,,,,,,,,,,,,0.25,0.07,,,,,,,,,,,,,,,,,,,,,,,,,,
North China Craton,A MORB-ARC BASALT-ADAKITE ASSOCIATION IN THE 2.5 GA WUTAI GREENSTONE BELT: LATE ARCHEAN MAGMATISM AND CRUSTAL GROWTH IN THE NORTH CHINA CRATON,WR10,BASALT,38.5,113.0,2500.0,ARCHEAN,2500.0,2538.9,2543.0,2547.1,0.955032825,A MORB-ARC BASALT-ADAKITE ASSOCIATION IN THE 2.5 GA WUTAI GREENSTONE BELT: LATE ARCHEAN MAGMATISM AND CRUSTAL GROWTH IN THE NORTH CHINA CRATON,ARCHEAN CRATON (INCLUDING GREENSTONE BELTS),North China Craton,,38.5,38.5,113.0,113.0,,,,WR10,BASALT,2500000000.0,2500000000.0,PALEO,,,,,BASALT,,,,,WR,49.65,0.74,,14.08,,,,12.29,10.76,7.5,0.25,,0.58,1.61,0.07,,,,,,,,,,,,,,,,,,,,,,,,,,,,,,,,,,,,,,,,,,,,,,,104.0,,,,67.0,,,,,,,,22.0,13.0,15.85,44.0,1.31,,,,,,,,,,,,,85.0,4.87,10.95,1.5,6.8,0.86,0.56,2.73,0.41,2.92,0.65,1.77,,1.62,0.27,1.31,0.01,,,,,,,,,,,0.24,0.09,,,,,,,,,,,,,,,,,,,,,,,,,,
North China Craton,A MORB-ARC BASALT-ADAKITE ASSOCIATION IN THE 2.5 GA WUTAI GREENSTONE BELT: LATE ARCHEAN MAGMATISM AND CRUSTAL GROWTH IN THE NORTH CHINA CRATON,WR11,BASALT,38.5,113.0,2500.0,ARCHEAN,2500.0,2538.9,2543.0,2547.1,0.78845197,A MORB-ARC BASALT-ADAKITE ASSOCIATION IN THE 2.5 GA WUTAI GREENSTONE BELT: LATE ARCHEAN MAGMATISM AND CRUSTAL GROWTH IN THE NORTH CHINA CRATON,ARCHEAN CRATON (INCLUDING GREENSTONE BELTS),North China Craton,,38.5,38.5,113.0,113.0,,,,WR11,BASALT,2500000000.0,2500000000.0,PALEO,,,,,BASALT,,,,,WR,50.04,0.76,,14.35,,,,12.18,10.75,7.2,0.27,,0.52,1.61,0.11,,,,,,,,,,,,,,,,,,,,,,,,,,,,,,,,,,,,,,,,,,,,,,,110.0,,,,64.0,,,,,,,,16.0,146.0,17.01,49.0,1.71,,,,,,,,,,,,,87.0,5.64,12.7,1.72,7.09,2.19,0.54,2.85,0.46,3.15,0.64,1.91,,1.77,0.27,1.43,0.03,,,,,,,,,,,0.32,0.09,,,,,,,,,,,,,,,,,,,,,,,,,,
North China Craton,A MORB-ARC BASALT-ADAKITE ASSOCIATION IN THE 2.5 GA WUTAI GREENSTONE BELT: LATE ARCHEAN MAGMATISM AND CRUSTAL GROWTH IN THE NORTH CHINA CRATON,WR12,BASALT,38.5,113.0,2500.0,ARCHEAN,2500.0,2538.9,2543.0,2547.1,0.691453278,A MORB-ARC BASALT-ADAKITE ASSOCIATION IN THE 2.5 GA WUTAI GREENSTONE BELT: LATE ARCHEAN MAGMATISM AND CRUSTAL GROWTH IN THE NORTH CHINA CRATON,ARCHEAN CRATON (INCLUDING GREENSTONE BELTS),North China Craton,,38.5,38.5,113.0,113.0,,,,WR12,BASALT,2500000000.0,2500000000.0,PALEO,,,,,BASALT,,,,,WR,49.29,0.62,,13.8,,,,12.3,10.55,8.21,0.22,,0.52,1.46,0.06,,,,,,,,,,,,,,,,,,,,,,,,,,,,,,,,,,,,,,,,,,,,,,,117.0,,,,67.0,,,,,,,,17.0,116.0,13.37,35.0,1.27,,,,,,,,,,,,,112.0,4.57,10.4,1.39,6.13,1.62,0.43,2.15,0.35,2.51,0.53,1.43,,1.28,0.2,0.99,0.01,,,,,,,,,,,0.28,0.08,,,,,,,,,,,,,,,,,,,,,,,,,,
North China Craton,A MORB-ARC BASALT-ADAKITE ASSOCIATION IN THE 2.5 GA WUTAI GREENSTONE BELT: LATE ARCHEAN MAGMATISM AND CRUSTAL GROWTH IN THE NORTH CHINA CRATON,WR13,BASALT,38.5,113.0,2500.0,ARCHEAN,2500.0,2538.9,2543.0,2547.1,0.971538007,A MORB-ARC BASALT-ADAKITE ASSOCIATION IN THE 2.5 GA WUTAI GREENSTONE BELT: LATE ARCHEAN MAGMATISM AND CRUSTAL GROWTH IN THE NORTH CHINA CRATON,ARCHEAN CRATON (INCLUDING GREENSTONE BELTS),North China Craton,,38.5,38.5,113.0,113.0,,,,WR13,BASALT,2500000000.0,2500000000.0,PALEO,,,,,BASALT,,,,,WR,49.52,0.77,,13.86,,,,12.49,10.73,7.82,0.22,,0.49,1.13,0.07,,,,,,,,,,,,,,,,,,,,,,,,,,,,,,,,,,,,,,,,,,,,,,,109.0,,,,66.0,,,,,,,,13.0,119.0,16.62,43.0,0.59,,,,,,,,,,,,,104.0,5.49,12.33,1.7,7.34,1.94,0.62,2.59,0.44,3.06,0.63,1.74,,1.69,0.26,1.25,,,,,,,,,,,,0.33,0.13,,,,,,,,,,,,,,,,,,,,,,,,,,
North China Craton,A MORB-ARC BASALT-ADAKITE ASSOCIATION IN THE 2.5 GA WUTAI GREENSTONE BELT: LATE ARCHEAN MAGMATISM AND CRUSTAL GROWTH IN THE NORTH CHINA CRATON,WR15,BASALT,38.5,113.0,2500.0,ARCHEAN,2500.0,2538.9,2543.0,2547.1,0.970387638,A MORB-ARC BASALT-ADAKITE ASSOCIATION IN THE 2.5 GA WUTAI GREENSTONE BELT: LATE ARCHEAN MAGMATISM AND CRUSTAL GROWTH IN THE NORTH CHINA CRATON,ARCHEAN CRATON (INCLUDING GREENSTONE BELTS),North China Craton,,38.5,38.5,113.0,113.0,,,,WR15,BASALT,2500000000.0,2500000000.0,PALEO,,,,,BASALT,,,,,WR,49.09,0.81,,13.93,,,,14.77,10.27,7.4,0.24,,0.66,1.53,0.08,,,,,,,,,,,,,,,,,,,,,,,,,,,,,,,,,,,,,,,,,,,,,,,95.0,,,,62.0,,,,,,,,13.0,115.0,18.37,50.0,,,,,,,,,,,,,,129.0,5.41,12.17,1.77,7.52,1.93,0.6,2.9,0.47,3.52,0.68,1.92,,1.83,0.28,1.42,,,,,,,,,,,,0.27,0.25,,,,,,,,,,,,,,,,,,,,,,,,,,
North China Craton,A MORB-ARC BASALT-ADAKITE ASSOCIATION IN THE 2.5 GA WUTAI GREENSTONE BELT: LATE ARCHEAN MAGMATISM AND CRUSTAL GROWTH IN THE NORTH CHINA CRATON,WR16,BASALT,38.5,113.0,2500.0,ARCHEAN,2500.0,2538.9,2543.0,2547.1,0.420987457,A MORB-ARC BASALT-ADAKITE ASSOCIATION IN THE 2.5 GA WUTAI GREENSTONE BELT: LATE ARCHEAN MAGMATISM AND CRUSTAL GROWTH IN THE NORTH CHINA CRATON,ARCHEAN CRATON (INCLUDING GREENSTONE BELTS),North China Craton,,38.5,38.5,113.0,113.0,,,,WR16,BASALT,2500000000.0,2500000000.0,PALEO,,,,,BASALT,,,,,WR,49.7,0.82,,13.84,,,,6.58,10.03,7.18,0.24,,0.78,2.01,0.09,,,,,,,,,,,,,,,,,,,,,,,,,,,,,,,,,,,,,,,,,,,,,,,97.0,,,,59.0,,,,,,,,25.0,144.0,18.25,49.0,2.12,,,,,,,,,,,,,113.0,6.09,11.32,1.76,7.24,1.91,0.59,2.81,0.46,3.18,0.65,1.9,,1.72,0.27,1.45,0.04,,,,,,,,,,,0.27,0.31,,,,,,,,,,,,,,,,,,,,,,,,,,
North China Craton,A MORB-ARC BASALT-ADAKITE ASSOCIATION IN THE 2.5 GA WUTAI GREENSTONE BELT: LATE ARCHEAN MAGMATISM AND CRUSTAL GROWTH IN THE NORTH CHINA CRATON,WR20,BASALT,38.5,113.0,2500.0,ARCHEAN,2500.0,2538.9,2543.0,2547.1,0.972479701,A MORB-ARC BASALT-ADAKITE ASSOCIATION IN THE 2.5 GA WUTAI GREENSTONE BELT: LATE ARCHEAN MAGMATISM AND CRUSTAL GROWTH IN THE NORTH CHINA CRATON,ARCHEAN CRATON (INCLUDING GREENSTONE BELTS),North China Craton,,38.5,38.5,113.0,113.0,,,,WR20,BASALT,2500000000.0,2500000000.0,PALEO,,,,,BASALT,,,,,WR,45.3,0.82,,14.56,,,,11.3,5.36,12.3,0.2,,4.01,0.66,0.08,,,,,,,,,,,,,,,,,,,,,,,,,,,,,,,,,,,,,,,,,,,,,,,80.0,,,,266.0,,,,,,,,160.0,73.0,14.09,60.0,1.42,,,,,,,,,,,,,454.0,7.47,14.52,1.95,7.98,1.88,0.8,2.87,0.41,2.79,0.52,1.3,,1.39,0.19,1.77,0.06,,,,,,,,,,,1.03,,,,,,,,,,,,,,,,,,,,,,,,,,,
North China Craton,A MORB-ARC BASALT-ADAKITE ASSOCIATION IN THE 2.5 GA WUTAI GREENSTONE BELT: LATE ARCHEAN MAGMATISM AND CRUSTAL GROWTH IN THE NORTH CHINA CRATON,WR21,BASALT,38.5,113.0,2500.0,ARCHEAN,2500.0,2538.9,2543.0,2547.1,0.978092134,A MORB-ARC BASALT-ADAKITE ASSOCIATION IN THE 2.5 GA WUTAI GREENSTONE BELT: LATE ARCHEAN MAGMATISM AND CRUSTAL GROWTH IN THE NORTH CHINA CRATON,ARCHEAN CRATON (INCLUDING GREENSTONE BELTS),North China Craton,,38.5,38.5,113.0,113.0,,,,WR21,BASALT,2500000000.0,2500000000.0,PALEO,,,,,BASALT,,,,,WR,47.99,0.97,,15.45,,,,11.36,7.81,9.1,0.22,,1.51,1.83,0.09,,,,,,,,,,,,,,,,,,,,,,,,,,,,,,,,,,,,,,,,,,,,,,,84.0,,,,209.0,,,,,,,,50.0,139.0,17.66,63.0,0.71,,,,,,,,,,,,,138.0,7.64,16.66,2.21,9.24,2.58,0.76,3.27,0.52,3.45,0.68,1.76,,1.53,0.21,1.85,,,,,,,,,,,,1.03,0.33,,,,,,,,,,,,,,,,,,,,,,,,,,
North China Craton,A MORB-ARC BASALT-ADAKITE ASSOCIATION IN THE 2.5 GA WUTAI GREENSTONE BELT: LATE ARCHEAN MAGMATISM AND CRUSTAL GROWTH IN THE NORTH CHINA CRATON,WR22,BASALT,38.5,113.0,2500.0,ARCHEAN,2500.0,2538.9,2543.0,2547.1,0.981700242,A MORB-ARC BASALT-ADAKITE ASSOCIATION IN THE 2.5 GA WUTAI GREENSTONE BELT: LATE ARCHEAN MAGMATISM AND CRUSTAL GROWTH IN THE NORTH CHINA CRATON,ARCHEAN CRATON (INCLUDING GREENSTONE BELTS),North China Craton,,38.5,38.5,113.0,113.0,,,,WR22,BASALT,2500000000.0,2500000000.0,PALEO,,,,,BASALT,,,,,WR,49.37,1.17,,15.16,,,,12.0,7.52,6.65,0.21,,2.61,0.95,0.15,,,,,,,,,,,,,,,,,,,,,,,,,,,,,,,,,,,,,,,,,,,,,,,62.0,,,,103.0,,,,,,,,84.0,282.0,22.51,63.0,0.51,,,,,,,,,,,,,390.0,13.32,30.54,4.02,16.31,3.71,1.1,4.69,0.81,5.07,0.89,2.3,,2.0,0.29,3.15,,,,,,,,,,,,2.42,0.78,,,,,,,,,,,,,,,,,,,,,,,,,,
North China Craton,A MORB-ARC BASALT-ADAKITE ASSOCIATION IN THE 2.5 GA WUTAI GREENSTONE BELT: LATE ARCHEAN MAGMATISM AND CRUSTAL GROWTH IN THE NORTH CHINA CRATON,WS55,BASALT,38.5,113.0,2500.0,ARCHEAN,2500.0,2538.9,2543.0,2547.1,0.353994817,A MORB-ARC BASALT-ADAKITE ASSOCIATION IN THE 2.5 GA WUTAI GREENSTONE BELT: LATE ARCHEAN MAGMATISM AND CRUSTAL GROWTH IN THE NORTH CHINA CRATON,ARCHEAN CRATON (INCLUDING GREENSTONE BELTS),North China Craton,,38.5,38.5,113.0,113.0,,,,WS55,BASALT,2500000000.0,2500000000.0,PALEO,,,,,BASALT,,,,,WR,50.51,0.9,,13.63,,,,12.02,9.86,6.55,0.22,,0.44,1.66,0.13,,,,,,,,,,,,,,,,,,,,,,,,,,,,,,,,,,,,,,,,,,,,,,,88.0,,,,55.0,,,,,,,,5.0,140.0,21.39,71.0,2.81,,,,,,,,,,,,,143.0,8.71,19.25,2.53,11.29,2.76,1.06,4.23,0.75,4.8,0.97,2.65,,2.66,0.42,2.61,0.25,,,,,,,,,,,1.33,0.29,,,,,,,,,,,,,,,,,,,,,,,,,,
North China Craton,A MORB-ARC BASALT-ADAKITE ASSOCIATION IN THE 2.5 GA WUTAI GREENSTONE BELT: LATE ARCHEAN MAGMATISM AND CRUSTAL GROWTH IN THE NORTH CHINA CRATON,WS59,BASALT,38.5,113.0,2500.0,ARCHEAN,2500.0,2538.9,2543.0,2547.1,0.923941076,A MORB-ARC BASALT-ADAKITE ASSOCIATION IN THE 2.5 GA WUTAI GREENSTONE BELT: LATE ARCHEAN MAGMATISM AND CRUSTAL GROWTH IN THE NORTH CHINA CRATON,ARCHEAN CRATON (INCLUDING GREENSTONE BELTS),North China Craton,,38.5,38.5,113.0,113.0,,,,WS59,BASALT,2500000000.0,2500000000.0,PALEO,,,,,BASALT,,,,,WR,50.09,0.9,,13.35,,,,12.64,10.45,6.76,0.23,,0.4,1.14,0.08,,,,,,,,,,,,,,,,,,,,,,,,,,,,,,,,,,,,,,,,,,,,,,,48.0,,,,46.0,,,,,,,,4.0,108.0,20.04,55.0,,,,,,,,,,,,,,73.0,5.69,14.14,1.9,8.62,2.38,0.89,3.29,0.57,4.06,0.87,2.46,,2.6,0.43,1.84,,,,,,,,,,,,0.6,0.1,,,,,,,,,,,,,,,,,,,,,,,,,,
North China Craton,A MORB-ARC BASALT-ADAKITE ASSOCIATION IN THE 2.5 GA WUTAI GREENSTONE BELT: LATE ARCHEAN MAGMATISM AND CRUSTAL GROWTH IN THE NORTH CHINA CRATON,WS61,BASALT,38.5,113.0,2500.0,ARCHEAN,2500.0,2538.9,2543.0,2547.1,0.999254405,A MORB-ARC BASALT-ADAKITE ASSOCIATION IN THE 2.5 GA WUTAI GREENSTONE BELT: LATE ARCHEAN MAGMATISM AND CRUSTAL GROWTH IN THE NORTH CHINA CRATON,ARCHEAN CRATON (INCLUDING GREENSTONE BELTS),North China Craton,,38.5,38.5,113.0,113.0,,,,WS61,BASALT,2500000000.0,2500000000.0,PALEO,,,,,BASALT,,,,,WR,53.68,0.85,,13.58,,,,10.67,8.31,6.42,0.21,,1.25,1.97,0.27,,,,,,,,,,,,,,,,,,,,,,,,,,,,,,,,,,,,,,,,,,,,,,,903.0,,,,416.0,,,,,,,,39.0,415.0,15.49,63.0,2.04,,,,,,,,,,,,,325.0,8.86,20.39,2.83,12.5,3.28,1.03,3.43,0.54,3.35,0.72,1.88,,2.04,0.37,2.24,0.12,,,,,,,,,,,1.1,0.27,,,,,,,,,,,,,,,,,,,,,,,,,,
North China Craton,A MORB-ARC BASALT-ADAKITE ASSOCIATION IN THE 2.5 GA WUTAI GREENSTONE BELT: LATE ARCHEAN MAGMATISM AND CRUSTAL GROWTH IN THE NORTH CHINA CRATON,WS66,BASALT,38.5,113.0,2500.0,ARCHEAN,2500.0,2538.9,2543.0,2547.1,0.949751496,A MORB-ARC BASALT-ADAKITE ASSOCIATION IN THE 2.5 GA WUTAI GREENSTONE BELT: LATE ARCHEAN MAGMATISM AND CRUSTAL GROWTH IN THE NORTH CHINA CRATON,ARCHEAN CRATON (INCLUDING GREENSTONE BELTS),North China Craton,,38.5,38.5,113.0,113.0,,,,WS66,BASALT,2500000000.0,2500000000.0,PALEO,,,,,BASALT,,,,,WR,53.86,0.58,,17.29,,,,6.58,8.64,4.67,0.21,,0.94,4.49,0.35,,,,,,,,,,,,,,,,,,,,,,,,,,,,,,,,,,,,,,,,,,,,,,,97.0,,,,30.0,,,,,,,,19.0,671.0,12.04,81.0,5.32,,,,,,,,,,,,,260.0,20.9,45.74,5.79,22.74,4.78,1.31,4.18,0.51,2.81,0.48,1.42,,1.48,0.22,2.61,0.34,,,,,,,,,,,4.68,1.29,,,,,,,,,,,,,,,,,,,,,,,,,,
North China Craton,A MORB-ARC BASALT-ADAKITE ASSOCIATION IN THE 2.5 GA WUTAI GREENSTONE BELT: LATE ARCHEAN MAGMATISM AND CRUSTAL GROWTH IN THE NORTH CHINA CRATON,WSI10,BASALT,38.5,113.0,2500.0,ARCHEAN,2500.0,2538.9,2543.0,2547.1,0.804448128,A MORB-ARC BASALT-ADAKITE ASSOCIATION IN THE 2.5 GA WUTAI GREENSTONE BELT: LATE ARCHEAN MAGMATISM AND CRUSTAL GROWTH IN THE NORTH CHINA CRATON,ARCHEAN CRATON (INCLUDING GREENSTONE BELTS),North China Craton,,38.5,38.5,113.0,113.0,,,,WSI10,BASALT,2500000000.0,2500000000.0,PALEO,,,,,BASALT,,,,,WR,48.3,1.99,,13.19,,,,15.53,9.21,5.89,0.25,,0.78,1.27,0.4,,,,,,,,,,,,,,,,,,,,,,,,,,,,,,,,,,,,,,,,,,,,,,,113.0,,,,57.0,,,,,,,,16.0,102.0,37.27,126.0,0.53,,,,,,,,,,,,,172.0,13.2,33.39,4.65,21.15,5.54,1.77,6.63,1.27,7.6,1.6,4.76,,4.49,0.72,4.0,0.04,,,,,,,,,,,1.51,0.32,,,,,,,,,,,,,,,,,,,,,,,,,,
North China Craton,A MORB-ARC BASALT-ADAKITE ASSOCIATION IN THE 2.5 GA WUTAI GREENSTONE BELT: LATE ARCHEAN MAGMATISM AND CRUSTAL GROWTH IN THE NORTH CHINA CRATON,WS112,BASALT,38.5,113.0,2500.0,ARCHEAN,2500.0,2538.9,2543.0,2547.1,0.700492859,A MORB-ARC BASALT-ADAKITE ASSOCIATION IN THE 2.5 GA WUTAI GREENSTONE BELT: LATE ARCHEAN MAGMATISM AND CRUSTAL GROWTH IN THE NORTH CHINA CRATON,ARCHEAN CRATON (INCLUDING GREENSTONE BELTS),North China Craton,,38.5,38.5,113.0,113.0,,,,WS112,BASALT,2500000000.0,2500000000.0,PALEO,,,,,BASALT,,,,,WR,47.9,2.14,,13.14,,,,16.02,9.65,5.57,0.24,,0.66,1.43,0.36,,,,,,,,,,,,,,,,,,,,,,,,,,,,,,,,,,,,,,,,,,,,,,,108.0,,,,56.0,,,,,,,,10.0,114.0,37.07,119.0,,,,,,,,,,,,,,123.0,12.96,31.07,4.19,19.28,5.36,1.74,7.01,1.18,7.67,1.61,4.24,,4.71,0.72,3.83,,,,,,,,,,,,1.4,0.33,,,,,,,,,,,,,,,,,,,,,,,,,,
North China Craton,A MORB-ARC BASALT-ADAKITE ASSOCIATION IN THE 2.5 GA WUTAI GREENSTONE BELT: LATE ARCHEAN MAGMATISM AND CRUSTAL GROWTH IN THE NORTH CHINA CRATON,WS97,BASALT,38.5,113.0,2500.0,ARCHEAN,2500.0,2538.9,2543.0,2547.1,0.927909613,A MORB-ARC BASALT-ADAKITE ASSOCIATION IN THE 2.5 GA WUTAI GREENSTONE BELT: LATE ARCHEAN MAGMATISM AND CRUSTAL GROWTH IN THE NORTH CHINA CRATON,ARCHEAN CRATON (INCLUDING GREENSTONE BELTS),North China Craton,,38.5,38.5,113.0,113.0,,,,WS97,BASALT,2500000000.0,2500000000.0,PALEO,,,,,BASALT,,,,,WR,50.24,1.44,,12.87,,,,14.52,10.31,5.26,0.27,,0.71,1.88,0.19,,,,,,,,,,,,,,,,,,,,,,,,,,,,,,,,,,,,,,,,,,,,,,,40.0,,,,26.0,,,,,,,,17.0,129.0,31.08,113.0,0.76,,,,,,,,,,,,,256.0,12.13,31.27,4.28,18.06,4.56,1.25,5.7,1.03,6.26,1.29,3.6,,3.7,0.53,3.64,,,,,,,,,,,,1.59,0.44,,,,,,,,,,,,,,,,,,,,,,,,,,
North China Craton,A MORB-ARC BASALT-ADAKITE ASSOCIATION IN THE 2.5 GA WUTAI GREENSTONE BELT: LATE ARCHEAN MAGMATISM AND CRUSTAL GROWTH IN THE NORTH CHINA CRATON,WS130,BASALT,38.5,113.0,2500.0,ARCHEAN,2500.0,2538.9,2543.0,2547.1,0.098427542,A MORB-ARC BASALT-ADAKITE ASSOCIATION IN THE 2.5 GA WUTAI GREENSTONE BELT: LATE ARCHEAN MAGMATISM AND CRUSTAL GROWTH IN THE NORTH CHINA CRATON,ARCHEAN CRATON (INCLUDING GREENSTONE BELTS),North China Craton,,38.5,38.5,113.0,113.0,,,,WS130,BASALT,2500000000.0,2500000000.0,PALEO,,,,,BASALT,,,,,WR,52.34,0.68,,17.78,,,,8.65,10.77,5.24,0.21,,0.3,2.32,0.11,,,,,,,,,,,,,,,,,,,,,,,,,,,,,,,,,,,,,,,,,,,,,,,40.0,,,,73.0,,,,,,,,4.0,112.0,16.52,88.0,3.92,,,,,,,,,,,,,74.0,7.04,15.82,2.12,8.64,2.25,0.62,2.58,0.47,3.04,0.61,1.71,,1.85,0.3,2.46,0.3,,,,,,,,,,,0.5,1.13,,,,,,,,,,,,,,,,,,,,,,,,,,
North China Craton,A MORB-ARC BASALT-ADAKITE ASSOCIATION IN THE 2.5 GA WUTAI GREENSTONE BELT: LATE ARCHEAN MAGMATISM AND CRUSTAL GROWTH IN THE NORTH CHINA CRATON,WS94,BASALT,38.5,113.0,2500.0,ARCHEAN,2500.0,2538.9,2543.0,2547.1,0.763723254,A MORB-ARC BASALT-ADAKITE ASSOCIATION IN THE 2.5 GA WUTAI GREENSTONE BELT: LATE ARCHEAN MAGMATISM AND CRUSTAL GROWTH IN THE NORTH CHINA CRATON,ARCHEAN CRATON (INCLUDING GREENSTONE BELTS),North China Craton,,38.5,38.5,113.0,113.0,,,,WS94,BASALT,2500000000.0,2500000000.0,PALEO,,,,,BASALT,,,,,WR,50.68,0.93,,14.41,,,,11.66,9.87,7.1,0.22,,0.54,2.39,0.08,,,,,,,,,,,,,,,,,,,,,,,,,,,,,,,,,,,,,,,,,,,,,,,107.0,,,,83.0,,,,,,,,13.0,151.0,18.56,49.0,0.22,,,,,,,,,,,,,59.0,3.18,8.47,1.32,6.18,2.0,0.54,2.73,0.51,3.66,0.76,2.07,,2.1,0.27,1.67,,,,,,,,,,,,0.07,0.07,,,,,,,,,,,,,,,,,,,,,,,,,,
North China Craton,A MORB-ARC BASALT-ADAKITE ASSOCIATION IN THE 2.5 GA WUTAI GREENSTONE BELT: LATE ARCHEAN MAGMATISM AND CRUSTAL GROWTH IN THE NORTH CHINA CRATON,WS109,BASALT,38.5,113.0,2500.0,ARCHEAN,2500.0,2538.9,2543.0,2547.1,0.851504624,A MORB-ARC BASALT-ADAKITE ASSOCIATION IN THE 2.5 GA WUTAI GREENSTONE BELT: LATE ARCHEAN MAGMATISM AND CRUSTAL GROWTH IN THE NORTH CHINA CRATON,ARCHEAN CRATON (INCLUDING GREENSTONE BELTS),North China Craton,,38.5,38.5,113.0,113.0,,,,WS109,BASALT,2500000000.0,2500000000.0,PALEO,,,,,BASALT,,,,,WR,48.61,0.8,,15.65,,,,10.65,10.25,8.36,0.24,,0.21,2.62,0.06,,,,,,,,,,,,,,,,,,,,,,,,,,,,,,,,,,,,,,,,,,,,,,,323.0,,,,122.0,,,,,,,,5.0,104.0,19.82,39.0,0.86,,,,,,,,,,,,,23.0,2.31,6.21,0.98,5.68,2.05,0.93,3.21,0.59,4.2,0.86,2.53,,2.75,0.41,1.4,0.04,,,,,,,,,,,0.19,0.01,,,,,,,,,,,,,,,,,,,,,,,,,,
North China Craton,A MORB-ARC BASALT-ADAKITE ASSOCIATION IN THE 2.5 GA WUTAI GREENSTONE BELT: LATE ARCHEAN MAGMATISM AND CRUSTAL GROWTH IN THE NORTH CHINA CRATON,WS68,BASALT,38.5,113.0,2500.0,ARCHEAN,2500.0,2538.9,2543.0,2547.1,0.021057956,A MORB-ARC BASALT-ADAKITE ASSOCIATION IN THE 2.5 GA WUTAI GREENSTONE BELT: LATE ARCHEAN MAGMATISM AND CRUSTAL GROWTH IN THE NORTH CHINA CRATON,ARCHEAN CRATON (INCLUDING GREENSTONE BELTS),North China Craton,,38.5,38.5,113.0,113.0,,,,WS68,BASALT,2500000000.0,2500000000.0,PALEO,,,,,BASALT,,,,,WR,50.82,0.79,,14.27,,,,11.27,10.61,7.79,0.22,,0.37,1.16,0.1,,,,,,,,,,,,,,,,,,,,,,,,,,,,,,,,,,,,,,,,,,,,,,,159.0,,,,115.0,,,,,,,,13.0,194.0,15.48,34.0,2.0,,,,,,,,,,,,,159.0,2.1,6.06,0.97,5.06,1.71,0.7,2.4,0.49,3.03,0.66,1.94,,2.18,0.37,1.34,0.18,,,,,,,,,,,0.19,0.01,,,,,,,,,,,,,,,,,,,,,,,,,,
North China Craton,A MORB-ARC BASALT-ADAKITE ASSOCIATION IN THE 2.5 GA WUTAI GREENSTONE BELT: LATE ARCHEAN MAGMATISM AND CRUSTAL GROWTH IN THE NORTH CHINA CRATON,WS75,BASALT,38.5,113.0,2500.0,ARCHEAN,2500.0,2538.9,2543.0,2547.1,0.119839616,A MORB-ARC BASALT-ADAKITE ASSOCIATION IN THE 2.5 GA WUTAI GREENSTONE BELT: LATE ARCHEAN MAGMATISM AND CRUSTAL GROWTH IN THE NORTH CHINA CRATON,ARCHEAN CRATON (INCLUDING GREENSTONE BELTS),North China Craton,,38.5,38.5,113.0,113.0,,,,WS75,BASALT,2500000000.0,2500000000.0,PALEO,,,,,BASALT,,,,,WR,48.65,1.23,,15.21,,,,11.12,11.53,7.2,0.27,,0.22,2.1,0.06,,,,,,,,,,,,,,,,,,,,,,,,,,,,,,,,,,,,,,,,,,,,,,,303.0,,,,205.0,,,,,,,,5.0,115.0,13.77,34.0,1.32,,,,,,,,,,,,,23.0,1.29,5.47,1.04,6.06,2.31,0.93,2.89,0.53,3.11,0.63,1.81,,1.54,0.22,1.46,0.11,,,,,,,,,,,0.05,,,,,,,,,,,,,,,,,,,,,,,,,,,
North China Craton,A MORB-ARC BASALT-ADAKITE ASSOCIATION IN THE 2.5 GA WUTAI GREENSTONE BELT: LATE ARCHEAN MAGMATISM AND CRUSTAL GROWTH IN THE NORTH CHINA CRATON,WS74,BASALT,38.5,113.0,2500.0,ARCHEAN,2500.0,2538.9,2543.0,2547.1,0.038673718,A MORB-ARC BASALT-ADAKITE ASSOCIATION IN THE 2.5 GA WUTAI GREENSTONE BELT: LATE ARCHEAN MAGMATISM AND CRUSTAL GROWTH IN THE NORTH CHINA CRATON,ARCHEAN CRATON (INCLUDING GREENSTONE BELTS),North China Craton,,38.5,38.5,113.0,113.0,,,,WS74,BASALT,2500000000.0,2500000000.0,PALEO,,,,,BASALT,,,,,WR,51.51,0.59,,16.8,,,,8.38,11.26,6.22,0.21,,0.39,1.75,0.04,,,,,,,,,,,,,,,,,,,,,,,,,,,,,,,,,,,,,,,,,,,,,,,257.0,,,,190.0,,,,,,,,12.0,122.0,11.11,37.0,2.33,,,,,,,,,,,,,102.0,2.98,6.94,0.93,4.76,1.36,0.61,1.81,0.31,2.1,0.48,1.45,,1.62,0.27,1.22,0.2,,,,,,,,,,,0.28,0.03,,,,,,,,,,,,,,,,,,,,,,,,,,
North China Craton,A MORB-ARC BASALT-ADAKITE ASSOCIATION IN THE 2.5 GA WUTAI GREENSTONE BELT: LATE ARCHEAN MAGMATISM AND CRUSTAL GROWTH IN THE NORTH CHINA CRATON,WS122,BASALT,38.5,113.0,2500.0,ARCHEAN,2500.0,2538.9,2543.0,2547.1,0.011012022,A MORB-ARC BASALT-ADAKITE ASSOCIATION IN THE 2.5 GA WUTAI GREENSTONE BELT: LATE ARCHEAN MAGMATISM AND CRUSTAL GROWTH IN THE NORTH CHINA CRATON,ARCHEAN CRATON (INCLUDING GREENSTONE BELTS),North China Craton,,38.5,38.5,113.0,113.0,,,,WS122,BASALT,2500000000.0,2500000000.0,PALEO,,,,,BASALT,,,,,WR,49.69,1.43,,14.36,,,,12.34,9.23,7.32,0.23,,0.22,2.77,0.14,,,,,,,,,,,,,,,,,,,,,,,,,,,,,,,,,,,,,,,,,,,,,,,169.0,,,,65.0,,,,,,,,4.0,149.0,28.87,85.0,2.87,,,,,,,,,,,,,47.0,4.3,12.18,2.06,10.02,3.36,0.81,4.57,0.83,5.51,1.15,3.31,,3.29,0.52,2.6,0.17,,,,,,,,,,,0.21,0.09,,,,,,,,,,,,,,,,,,,,,,,,,,
North China Craton,A MORB-ARC BASALT-ADAKITE ASSOCIATION IN THE 2.5 GA WUTAI GREENSTONE BELT: LATE ARCHEAN MAGMATISM AND CRUSTAL GROWTH IN THE NORTH CHINA CRATON,WS129,BASALT,38.5,113.0,2500.0,ARCHEAN,2500.0,2538.9,2543.0,2547.1,0.123446204,A MORB-ARC BASALT-ADAKITE ASSOCIATION IN THE 2.5 GA WUTAI GREENSTONE BELT: LATE ARCHEAN MAGMATISM AND CRUSTAL GROWTH IN THE NORTH CHINA CRATON,ARCHEAN CRATON (INCLUDING GREENSTONE BELTS),North China Craton,,38.5,38.5,113.0,113.0,,,,WS129,BASALT,2500000000.0,2500000000.0,PALEO,,,,,BASALT,,,,,WR,49.96,0.87,,13.56,,,,12.2,10.93,7.14,0.23,,0.41,1.81,0.08,,,,,,,,,,,,,,,,,,,,,,,,,,,,,,,,,,,,,,,,,,,,,,,68.0,,,,46.0,,,,,,,,8.0,147.0,19.5,46.0,1.81,,,,,,,,,,,,,141.0,4.44,11.27,1.62,7.33,2.12,0.72,3.06,0.51,3.8,0.85,2.16,,2.37,0.36,1.49,0.07,,,,,,,,,,,0.14,0.07,,,,,,,,,,,,,,,,,,,,,,,,,,
North China Craton,A MORB-ARC BASALT-ADAKITE ASSOCIATION IN THE 2.5 GA WUTAI GREENSTONE BELT: LATE ARCHEAN MAGMATISM AND CRUSTAL GROWTH IN THE NORTH CHINA CRATON,WS36,BASALT,38.5,113.0,2500.0,ARCHEAN,2500.0,2538.9,2543.0,2547.1,0.008585603,A MORB-ARC BASALT-ADAKITE ASSOCIATION IN THE 2.5 GA WUTAI GREENSTONE BELT: LATE ARCHEAN MAGMATISM AND CRUSTAL GROWTH IN THE NORTH CHINA CRATON,ARCHEAN CRATON (INCLUDING GREENSTONE BELTS),North China Craton,,38.5,38.5,113.0,113.0,,,,WS36,BASALT,2500000000.0,2500000000.0,PALEO,,,,,BASALT,,,,,WR,49.68,0.87,,13.49,,,,12.33,10.81,7.54,0.25,,0.7,1.06,0.09,,,,,,,,,,,,,,,,,,,,,,,,,,,,,,,,,,,,,,,,,,,,,,,118.0,,,,60.0,,,,,,,,18.0,143.0,18.11,10.0,1.98,,,,,,,,,,,,,102.0,4.51,11.44,1.63,7.95,2.42,0.79,3.17,0.61,3.83,0.82,2.48,,2.26,0.36,0.45,0.2,,,,,,,,,,,0.38,0.05,,,,,,,,,,,,,,,,,,,,,,,,,,
North China Craton,A MORB-ARC BASALT-ADAKITE ASSOCIATION IN THE 2.5 GA WUTAI GREENSTONE BELT: LATE ARCHEAN MAGMATISM AND CRUSTAL GROWTH IN THE NORTH CHINA CRATON,WS38,BASALT,38.5,113.0,2500.0,ARCHEAN,2500.0,2538.9,2543.0,2547.1,0.010596168,A MORB-ARC BASALT-ADAKITE ASSOCIATION IN THE 2.5 GA WUTAI GREENSTONE BELT: LATE ARCHEAN MAGMATISM AND CRUSTAL GROWTH IN THE NORTH CHINA CRATON,ARCHEAN CRATON (INCLUDING GREENSTONE BELTS),North China Craton,,38.5,38.5,113.0,113.0,,,,WS38,BASALT,2500000000.0,2500000000.0,PALEO,,,,,BASALT,,,,,WR,51.96,0.8,,16.98,,,,8.64,3.54,7.15,0.18,,0.67,4.01,0.13,,,,,,,,,,,,,,,,,,,,,,,,,,,,,,,,,,,,,,,,,,,,,,,111.0,,,,143.0,,,,,,,,21.0,179.0,12.48,12.0,2.25,,,,,,,,,,,,,68.0,7.51,18.15,2.44,10.77,2.61,0.63,2.95,0.51,2.97,0.59,1.71,,1.48,0.22,0.47,0.24,,,,,,,,,,,0.94,0.2,,,,,,,,,,,,,,,,,,,,,,,,,,
North China Craton,A MORB-ARC BASALT-ADAKITE ASSOCIATION IN THE 2.5 GA WUTAI GREENSTONE BELT: LATE ARCHEAN MAGMATISM AND CRUSTAL GROWTH IN THE NORTH CHINA CRATON,WS40,BASALT,38.5,113.0,2500.0,ARCHEAN,2500.0,2538.9,2543.0,2547.1,0.507525444,A MORB-ARC BASALT-ADAKITE ASSOCIATION IN THE 2.5 GA WUTAI GREENSTONE BELT: LATE ARCHEAN MAGMATISM AND CRUSTAL GROWTH IN THE NORTH CHINA CRATON,ARCHEAN CRATON (INCLUDING GREENSTONE BELTS),North China Craton,,38.5,38.5,113.0,113.0,,,,WS40,BASALT,2500000000.0,2500000000.0,PALEO,,,,,BASALT,,,,,WR,51.54,0.72,,15.67,,,,8.39,6.4,6.38,0.19,,0.74,3.13,0.12,,,,,,,,,,,,,,,,,,,,,,,,,,,,,,,,,,,,,,,,,,,,,,,102.0,,,,122.0,,,,,,,,25.0,324.0,13.79,13.0,2.15,,,,,,,,,,,,,73.0,7.39,17.98,2.36,10.43,2.73,0.8,2.93,0.52,2.97,0.68,1.79,,1.62,0.23,0.52,0.19,,,,,,,,,,,0.96,0.25,,,,,,,,,,,,,,,,,,,,,,,,,,
North China Craton,A MORB-ARC BASALT-ADAKITE ASSOCIATION IN THE 2.5 GA WUTAI GREENSTONE BELT: LATE ARCHEAN MAGMATISM AND CRUSTAL GROWTH IN THE NORTH CHINA CRATON,WS46,BASALT,38.5,113.0,2500.0,ARCHEAN,2500.0,2538.9,2543.0,2547.1,0.316170245,A MORB-ARC BASALT-ADAKITE ASSOCIATION IN THE 2.5 GA WUTAI GREENSTONE BELT: LATE ARCHEAN MAGMATISM AND CRUSTAL GROWTH IN THE NORTH CHINA CRATON,ARCHEAN CRATON (INCLUDING GREENSTONE BELTS),North China Craton,,38.5,38.5,113.0,113.0,,,,WS46,BASALT,2500000000.0,2500000000.0,PALEO,,,,,BASALT,,,,,WR,49.76,0.69,,15.63,,,,7.83,0.77,7.94,0.17,,0.31,2.79,0.11,,,,,,,,,,,,,,,,,,,,,,,,,,,,,,,,,,,,,,,,,,,,,,,61.0,,,,67.0,,,,,,,,30.0,129.0,11.71,6.0,2.11,,,,,,,,,,,,,243.0,7.36,17.81,2.34,10.9,2.54,0.67,3.11,0.43,2.56,0.51,1.46,,1.62,0.23,0.22,0.23,,,,,,,,,,,1.07,0.25,,,,,,,,,,,,,,,,,,,,,,,,,,
North China Craton,A MORB-ARC BASALT-ADAKITE ASSOCIATION IN THE 2.5 GA WUTAI GREENSTONE BELT: LATE ARCHEAN MAGMATISM AND CRUSTAL GROWTH IN THE NORTH CHINA CRATON,WS49,BASALT,38.5,113.0,2500.0,ARCHEAN,2500.0,2538.9,2543.0,2547.1,0.002383926,A MORB-ARC BASALT-ADAKITE ASSOCIATION IN THE 2.5 GA WUTAI GREENSTONE BELT: LATE ARCHEAN MAGMATISM AND CRUSTAL GROWTH IN THE NORTH CHINA CRATON,ARCHEAN CRATON (INCLUDING GREENSTONE BELTS),North China Craton,,38.5,38.5,113.0,113.0,,,,WS49,BASALT,2500000000.0,2500000000.0,PALEO,,,,,BASALT,,,,,WR,51.98,0.83,,16.56,,,,9.22,4.07,6.94,0.17,,0.11,3.55,0.13,,,,,,,,,,,,,,,,,,,,,,,,,,,,,,,,,,,,,,,,,,,,,,,202.0,,,,167.0,,,,,,,,3.0,151.0,17.49,8.0,2.96,,,,,,,,,,,,,24.0,8.95,20.87,2.74,11.57,3.0,1.14,3.52,0.53,3.73,0.68,2.15,,1.94,0.25,0.29,0.25,,,,,,,,,,,1.01,0.29,,,,,,,,,,,,,,,,,,,,,,,,,,
North China Craton,A MORB-ARC BASALT-ADAKITE ASSOCIATION IN THE 2.5 GA WUTAI GREENSTONE BELT: LATE ARCHEAN MAGMATISM AND CRUSTAL GROWTH IN THE NORTH CHINA CRATON,WS98,BASALT,38.5,113.0,2500.0,ARCHEAN,2500.0,2538.9,2543.0,2547.1,0.864969492,A MORB-ARC BASALT-ADAKITE ASSOCIATION IN THE 2.5 GA WUTAI GREENSTONE BELT: LATE ARCHEAN MAGMATISM AND CRUSTAL GROWTH IN THE NORTH CHINA CRATON,ARCHEAN CRATON (INCLUDING GREENSTONE BELTS),North China Craton,,38.5,38.5,113.0,113.0,,,,WS98,BASALT,2500000000.0,2500000000.0,PALEO,,,,,BASALT,,,,,WR,47.6,0.7,,18.25,,,,8.64,8.96,7.94,0.21,,0.02,3.14,0.05,,,,,,,,,,,,,,,,,,,,,,,,,,,,,,,,,,,,,,,,,,,,,,,258.0,,,,109.0,,,,,,,,,281.0,10.02,17.0,1.56,,,,,,,,,,,,,10.0,4.43,10.85,1.41,6.68,1.79,0.68,2.29,0.38,2.17,0.45,1.14,,1.04,0.11,0.67,0.11,,,,,,,,,,,0.53,0.11,,,,,,,,,,,,,,,,,,,,,,,,,,
North China Craton,A MORB-ARC BASALT-ADAKITE ASSOCIATION IN THE 2.5 GA WUTAI GREENSTONE BELT: LATE ARCHEAN MAGMATISM AND CRUSTAL GROWTH IN THE NORTH CHINA CRATON,WS54,BASALT,38.5,113.0,2500.0,ARCHEAN,2500.0,2538.9,2543.0,2547.1,0.128341734,A MORB-ARC BASALT-ADAKITE ASSOCIATION IN THE 2.5 GA WUTAI GREENSTONE BELT: LATE ARCHEAN MAGMATISM AND CRUSTAL GROWTH IN THE NORTH CHINA CRATON,ARCHEAN CRATON (INCLUDING GREENSTONE BELTS),North China Craton,,38.5,38.5,113.0,113.0,,,,WS54,BASALT,2500000000.0,2500000000.0,PALEO,,,,,BASALT,,,,,WR,50.24,0.55,,14.22,,,,9.79,11.08,8.87,0.21,,0.16,1.94,0.06,,,,,,,,,,,,,,,,,,,,,,,,,,,,,,,,,,,,,,,,,,,,,,,238.0,,,,136.0,,,,,,,,2.0,108.0,11.84,4.0,1.07,,,,,,,,,,,,,15.0,1.49,4.32,0.65,3.7,1.1,0.45,1.67,0.36,2.33,0.48,1.48,,1.52,0.22,0.34,0.11,,,,,,,,,,,0.11,0.02,,,,,,,,,,,,,,,,,,,,,,,,,,
North China Craton,A MORB-ARC BASALT-ADAKITE ASSOCIATION IN THE 2.5 GA WUTAI GREENSTONE BELT: LATE ARCHEAN MAGMATISM AND CRUSTAL GROWTH IN THE NORTH CHINA CRATON,WS100,BASALT,38.5,113.0,2500.0,ARCHEAN,2500.0,2538.9,2543.0,2547.1,0.057359837,A MORB-ARC BASALT-ADAKITE ASSOCIATION IN THE 2.5 GA WUTAI GREENSTONE BELT: LATE ARCHEAN MAGMATISM AND CRUSTAL GROWTH IN THE NORTH CHINA CRATON,ARCHEAN CRATON (INCLUDING GREENSTONE BELTS),North China Craton,,38.5,38.5,113.0,113.0,,,,WS100,BASALT,2500000000.0,2500000000.0,PALEO,,,,,BASALT,,,,,WR,48.17,1.28,,13.48,,,,14.08,8.68,7.05,0.23,,0.36,1.56,0.09,,,,,,,,,,,,,,,,,,,,,,,,,,,,,,,,,,,,,,,,,,,,,,,109.0,,,,84.0,,,,,,,,11.0,306.0,25.37,43.0,3.26,,,,,,,,,,,,,46.0,3.98,11.68,1.84,9.14,2.9,1.01,4.07,0.78,4.97,1.0,2.84,,2.84,0.42,1.49,0.22,,,,,,,,,,,0.32,0.07,,,,,,,,,,,,,,,,,,,,,,,,,,
North China Craton,A MORB-ARC BASALT-ADAKITE ASSOCIATION IN THE 2.5 GA WUTAI GREENSTONE BELT: LATE ARCHEAN MAGMATISM AND CRUSTAL GROWTH IN THE NORTH CHINA CRATON,WS104,BASALT,38.5,113.0,2500.0,ARCHEAN,2500.0,2538.9,2543.0,2547.1,0.355512232,A MORB-ARC BASALT-ADAKITE ASSOCIATION IN THE 2.5 GA WUTAI GREENSTONE BELT: LATE ARCHEAN MAGMATISM AND CRUSTAL GROWTH IN THE NORTH CHINA CRATON,ARCHEAN CRATON (INCLUDING GREENSTONE BELTS),North China Craton,,38.5,38.5,113.0,113.0,,,,WS104,BASALT,2500000000.0,2500000000.0,PALEO,,,,,BASALT,,,,,WR,45.77,1.93,,17.89,,,,13.13,3.88,6.75,0.22,,0.24,4.32,0.26,,,,,,,,,,,,,,,,,,,,,,,,,,,,,,,,,,,,,,,,,,,,,,,294.0,,,,160.0,,,,,,,,3.0,87.0,11.43,6.0,2.49,,,,,,,,,,,,,68.0,3.58,8.76,1.28,6.67,1.87,0.59,2.13,0.37,2.35,0.47,1.45,,1.08,0.19,0.31,0.17,,,,,,,,,,,0.15,0.05,,,,,,,,,,,,,,,,,,,,,,,,,,
North China Craton,"GEOCHEMICAL CHARACTERISTICS OF THE NEOARCHEAN (2800-2700 MA) TAISHAN GREENSTONE BELT, NORTH CHINA CRATON: EVIDENCE FOR PLUME-CRATON INTERACTION",2004-46B,BASALT,36.4283,117.466,2700.0,ARCHEAN,2800.0,2614.0,2704.0,2794.0,0.982967913,"GEOCHEMICAL CHARACTERISTICS OF THE NEOARCHEAN (2800-2700 MA) TAISHAN GREENSTONE BELT, NORTH CHINA CRATON: EVIDENCE FOR PLUME-CRATON INTERACTION",ARCHEAN CRATON (INCLUDING GREENSTONE BELTS),North China Craton,,36.4283,36.4283,117.466,117.466,,,,2004-46B,BASALT,2700000000.0,2800000000.0,PALEO,,,,,BASALT,,,,,WR,51.63,0.33,,14.17,,,,11.75,9.93,6.82,0.2,,0.64,2.74,,,,,,,,,,,,,,,,,,,,,,,,,,,,,,,,,,,,,,,,,,,,,,,,188.0,,,57.0,109.0,53.0,35.0,,,,,,26.2,169.0,12.0,15.0,1.23,,,,,,,,,,,,,118.0,3.05,6.91,1.04,4.91,1.47,0.53,1.94,0.34,2.3,0.49,1.55,,1.53,0.23,,0.07,,,,,,,,,1.28,,0.18,0.04,,,,,,,,,,,,,,,,,,,,,,,,,,
North China Craton,"GEOCHEMICAL CHARACTERISTICS OF THE NEOARCHEAN (2800-2700 MA) TAISHAN GREENSTONE BELT, NORTH CHINA CRATON: EVIDENCE FOR PLUME-CRATON INTERACTION",2004-24,BASALT,36.0633,117.573,2700.0,ARCHEAN,2800.0,2614.0,2704.0,2794.0,0.98993355,"GEOCHEMICAL CHARACTERISTICS OF THE NEOARCHEAN (2800-2700 MA) TAISHAN GREENSTONE BELT, NORTH CHINA CRATON: EVIDENCE FOR PLUME-CRATON INTERACTION",ARCHEAN CRATON (INCLUDING GREENSTONE BELTS),North China Craton,,36.0633,36.0633,117.573,117.573,,,,2004-24,BASALT,2700000000.0,2800000000.0,PALEO,,,,,BASALT,,,,,WR,49.65,0.33,,15.07,,,,12.32,10.72,7.07,0.21,,0.12,2.46,,,,,,,,,,,,,,,,,,,,,,,,,,,,,,,,,,,,,,,,,,,,,,,26.0,220.0,,,54.0,102.0,74.0,29.0,,,,,,0.13,150.0,16.9,28.6,1.49,,,,,,,,,,,,,26.1,2.63,6.73,1.01,5.14,1.73,0.71,2.56,0.45,3.1,0.66,1.86,,1.75,0.26,,0.09,,,,,,,,,0.28,,0.75,0.41,,,,,,,,,,,,,,,,,,,,,,,,,,
North China Craton,"GEOCHEMICAL CHARACTERISTICS OF THE NEOARCHEAN (2800-2700 MA) TAISHAN GREENSTONE BELT, NORTH CHINA CRATON: EVIDENCE FOR PLUME-CRATON INTERACTION",2004-27,BASALT,36.0345,117.6,2700.0,ARCHEAN,2800.0,2614.0,2704.0,2794.0,0.113068596,"GEOCHEMICAL CHARACTERISTICS OF THE NEOARCHEAN (2800-2700 MA) TAISHAN GREENSTONE BELT, NORTH CHINA CRATON: EVIDENCE FOR PLUME-CRATON INTERACTION",ARCHEAN CRATON (INCLUDING GREENSTONE BELTS),North China Craton,,36.0345,36.0345,117.6,117.6,,,,2004-27,BASALT,2700000000.0,2800000000.0,PALEO,,,,,BASALT,,,,,WR,48.19,0.33,,16.32,,,,11.29,10.69,8.33,0.17,,0.17,2.75,,,,,,,,,,,,,,,,,,,,,,,,,,,,,,,,,,,,,,,,,,,,,,,26.1,394.0,,,58.0,144.0,43.0,25.0,,,,,,0.15,344.0,13.9,35.1,1.41,,,,,,,,,,,,,10.3,1.78,5.42,0.85,4.37,1.44,0.58,2.12,0.38,2.53,0.54,1.53,,1.44,0.22,,0.09,,,,,,,,,0.41,,0.23,0.04,,,,,,,,,,,,,,,,,,,,,,,,,,
North China Craton,"GEOCHEMICAL CHARACTERISTICS OF THE NEOARCHEAN (2800-2700 MA) TAISHAN GREENSTONE BELT, NORTH CHINA CRATON: EVIDENCE FOR PLUME-CRATON INTERACTION",2004-25,BASALT,36.0345,117.6,2700.0,ARCHEAN,2800.0,2614.0,2704.0,2794.0,0.990100324,"GEOCHEMICAL CHARACTERISTICS OF THE NEOARCHEAN (2800-2700 MA) TAISHAN GREENSTONE BELT, NORTH CHINA CRATON: EVIDENCE FOR PLUME-CRATON INTERACTION",ARCHEAN CRATON (INCLUDING GREENSTONE BELTS),North China Craton,,36.0345,36.0345,117.6,117.6,,,,2004-25,BASALT,2700000000.0,2800000000.0,PALEO,,,,,BASALT,,,,,WR,49.57,0.33,,9.55,,,,13.09,12.32,11.64,0.31,,0.48,0.81,,,,,,,,,,,,,,,,,,,,,,,,,,,,,,,,,,,,,,,,,,,,,,,18.9,1591.0,,,93.0,497.0,29.0,13.0,,,,,,2.71,43.0,5.7,7.2,0.39,,,,,,,,,,,,,36.1,0.85,2.18,0.34,1.73,0.65,0.26,0.98,0.17,1.13,0.23,0.61,,0.51,0.07,,0.03,,,,,,,,,0.38,,0.23,0.03,,,,,,,,,,,,,,,,,,,,,,,,,,
North China Craton,"GEOCHEMICAL CHARACTERISTICS OF THE NEOARCHEAN (2800-2700 MA) TAISHAN GREENSTONE BELT, NORTH CHINA CRATON: EVIDENCE FOR PLUME-CRATON INTERACTION",2004-26,BASALT,36.0345,117.6,2700.0,ARCHEAN,2800.0,2614.0,2704.0,2794.0,0.121933512,"GEOCHEMICAL CHARACTERISTICS OF THE NEOARCHEAN (2800-2700 MA) TAISHAN GREENSTONE BELT, NORTH CHINA CRATON: EVIDENCE FOR PLUME-CRATON INTERACTION",ARCHEAN CRATON (INCLUDING GREENSTONE BELTS),North China Craton,,36.0345,36.0345,117.6,117.6,,,,2004-26,BASALT,2700000000.0,2800000000.0,PALEO,,,,,BASALT,,,,,WR,48.86,0.33,,16.05,,,,10.94,10.42,8.45,0.17,,0.16,2.95,,,,,,,,,,,,,,,,,,,,,,,,,,,,,,,,,,,,,,,,,,,,,,,11.6,384.0,,,60.0,137.0,27.0,15.0,,,,,,0.05,217.0,8.3,22.1,0.9,,,,,,,,,,,,,6.7,1.15,3.32,0.53,2.73,0.89,0.38,1.32,0.24,1.57,0.33,0.91,,0.89,0.13,,0.05,,,,,,,,,0.22,,0.14,0.02,,,,,,,,,,,,,,,,,,,,,,,,,,
North China Craton,"GEOCHEMICAL CHARACTERISTICS OF THE NEOARCHEAN (2800-2700 MA) TAISHAN GREENSTONE BELT, NORTH CHINA CRATON: EVIDENCE FOR PLUME-CRATON INTERACTION",2004-48,BASALT,36.4232,117.467,2700.0,ARCHEAN,2800.0,2614.0,2704.0,2794.0,0.837183833,"GEOCHEMICAL CHARACTERISTICS OF THE NEOARCHEAN (2800-2700 MA) TAISHAN GREENSTONE BELT, NORTH CHINA CRATON: EVIDENCE FOR PLUME-CRATON INTERACTION",ARCHEAN CRATON (INCLUDING GREENSTONE BELTS),North China Craton,,36.4232,36.4232,117.467,117.467,,,,2004-48,BASALT,2700000000.0,2800000000.0,PALEO,,,,,BASALT,,,,,WR,50.36,0.33,,14.82,,,,9.37,16.8,5.07,0.18,,0.36,1.26,,,,,,,,,,,,,,,,,,,,,,,,,,,,,,,,,,,,,,,,,,,,,,,,299.0,,,40.0,147.0,64.0,27.0,,,,,,30.4,248.0,11.0,21.6,1.41,,,,,,,,,,,,,140.0,2.35,6.09,0.91,4.43,1.43,0.53,1.88,0.32,2.16,0.46,1.42,,1.34,0.2,,0.08,,,,,,,,,2.57,,0.19,0.06,,,,,,,,,,,,,,,,,,,,,,,,,,
North China Craton,"GEOCHEMICAL CHARACTERISTICS OF THE NEOARCHEAN (2800-2700 MA) TAISHAN GREENSTONE BELT, NORTH CHINA CRATON: EVIDENCE FOR PLUME-CRATON INTERACTION",2004-46A,BASALT,36.4283,117.466,2700.0,ARCHEAN,2800.0,2614.0,2704.0,2794.0,0.954339504,"GEOCHEMICAL CHARACTERISTICS OF THE NEOARCHEAN (2800-2700 MA) TAISHAN GREENSTONE BELT, NORTH CHINA CRATON: EVIDENCE FOR PLUME-CRATON INTERACTION",ARCHEAN CRATON (INCLUDING GREENSTONE BELTS),North China Craton,,36.4283,36.4283,117.466,117.466,,,,2004-46A,BASALT,2700000000.0,2800000000.0,PALEO,,,,,BASALT,,,,,WR,51.72,0.33,,14.48,,,,11.66,9.79,6.5,0.2,,0.67,2.83,,,,,,,,,,,,,,,,,,,,,,,,,,,,,,,,,,,,,,,,,,,,,,,,172.0,,,51.0,97.0,80.0,36.0,,,,,,36.3,224.0,15.0,20.9,1.49,,,,,,,,,,,,,150.0,4.38,9.07,1.3,5.92,1.78,0.61,2.2,0.38,2.6,0.56,1.76,,1.74,0.26,,0.09,,,,,,,,,3.01,,0.2,0.07,,,,,,,,,,,,,,,,,,,,,,,,,,
North China Craton,"GEOCHEMICAL CHARACTERISTICS OF THE NEOARCHEAN (2800-2700 MA) TAISHAN GREENSTONE BELT, NORTH CHINA CRATON: EVIDENCE FOR PLUME-CRATON INTERACTION",2004-43,BASALT,36.423,117.38,2700.0,ARCHEAN,2800.0,2614.0,2704.0,2794.0,0.03663883,"GEOCHEMICAL CHARACTERISTICS OF THE NEOARCHEAN (2800-2700 MA) TAISHAN GREENSTONE BELT, NORTH CHINA CRATON: EVIDENCE FOR PLUME-CRATON INTERACTION",ARCHEAN CRATON (INCLUDING GREENSTONE BELTS),North China Craton,,36.423,36.423,117.38,117.38,,,,2004-43,BASALT,2700000000.0,2800000000.0,PALEO,,,,,BASALT,,,,,WR,50.99,0.33,,14.38,,,,11.89,10.9,6.93,0.22,,0.21,2.26,,,,,,,,,,,,,,,,,,,,,,,,,,,,,,,,,,,,,,,,,,,,,,,,147.0,,,58.0,108.0,77.0,157.0,,,,,,8.1,126.0,15.0,19.2,1.52,,,,,,,,,,,,,51.0,2.59,5.57,1.04,5.29,1.79,0.63,2.42,0.42,2.82,0.61,1.85,,1.78,0.25,,0.1,,,,,,,,,12.17,,0.2,0.03,,,,,,,,,,,,,,,,,,,,,,,,,,
North China Craton,"GEOCHEMICAL CHARACTERISTICS OF THE NEOARCHEAN (2800-2700 MA) TAISHAN GREENSTONE BELT, NORTH CHINA CRATON: EVIDENCE FOR PLUME-CRATON INTERACTION",2004-22,BASALT,36.061,117.569,2700.0,ARCHEAN,2800.0,2614.0,2704.0,2794.0,0.978704929,"GEOCHEMICAL CHARACTERISTICS OF THE NEOARCHEAN (2800-2700 MA) TAISHAN GREENSTONE BELT, NORTH CHINA CRATON: EVIDENCE FOR PLUME-CRATON INTERACTION",ARCHEAN CRATON (INCLUDING GREENSTONE BELTS),North China Craton,,36.061,36.061,117.569,117.569,,,,2004-22,BASALT,2700000000.0,2800000000.0,PALEO,,,,,BASALT,,,,,WR,51.78,0.33,,7.06,,,,9.24,12.5,16.76,0.19,,0.3,0.77,,,,,,,,,,,,,,,,,,,,,,,,,,,,,,,,,,,,,,,,,,,,,,,10.7,2876.0,,,74.0,581.0,9.0,23.0,,,,,,1.09,313.0,5.4,18.4,1.01,,,,,,,,,,,,,17.6,1.36,2.81,0.46,2.11,0.63,0.24,0.87,0.15,1.0,0.21,0.6,,0.58,0.09,,0.05,,,,,,,,,0.64,,0.25,0.04,,,,,,,,,,,,,,,,,,,,,,,,,,
North China Craton,"GEOCHEMICAL CHARACTERISTICS OF THE NEOARCHEAN (2800-2700 MA) TAISHAN GREENSTONE BELT, NORTH CHINA CRATON: EVIDENCE FOR PLUME-CRATON INTERACTION",2004-49,BASALT,36.4232,117.467,2700.0,ARCHEAN,2800.0,2614.0,2704.0,2794.0,0.453342021,"GEOCHEMICAL CHARACTERISTICS OF THE NEOARCHEAN (2800-2700 MA) TAISHAN GREENSTONE BELT, NORTH CHINA CRATON: EVIDENCE FOR PLUME-CRATON INTERACTION",ARCHEAN CRATON (INCLUDING GREENSTONE BELTS),North China Craton,,36.4232,36.4232,117.467,117.467,,,,2004-49,BASALT,2700000000.0,2800000000.0,PALEO,,,,,BASALT,,,,,WR,51.13,0.33,,15.34,,,,9.44,12.99,6.2,0.18,,0.41,2.49,,,,,,,,,,,,,,,,,,,,,,,,,,,,,,,,,,,,,,,,,,,,,,,,327.0,,,49.0,151.0,27.0,37.0,,,,,,26.2,221.0,13.0,17.9,1.41,,,,,,,,,,,,,392.0,2.6,6.3,1.01,5.01,1.62,0.61,2.14,0.37,2.48,0.53,1.61,,1.55,0.23,,0.09,,,,,,,,,2.8,,0.22,0.04,,,,,,,,,,,,,,,,,,,,,,,,,,
North China Craton,"GEOCHEMICAL CHARACTERISTICS OF THE NEOARCHEAN (2800-2700 MA) TAISHAN GREENSTONE BELT, NORTH CHINA CRATON: EVIDENCE FOR PLUME-CRATON INTERACTION",2004-19,BASALT,36.0612,117.571,2700.0,ARCHEAN,2800.0,2614.0,2704.0,2794.0,0.985317945,"GEOCHEMICAL CHARACTERISTICS OF THE NEOARCHEAN (2800-2700 MA) TAISHAN GREENSTONE BELT, NORTH CHINA CRATON: EVIDENCE FOR PLUME-CRATON INTERACTION",ARCHEAN CRATON (INCLUDING GREENSTONE BELTS),North China Craton,,36.0612,36.0612,117.571,117.571,,,,2004-19,BASALT,2700000000.0,2800000000.0,PALEO,,,,,BASALT,,,,,WR,51.49,0.33,,11.69,,,,10.66,11.31,10.77,0.19,,0.18,1.9,,,,,,,,,,,,,,,,,,,,,,,,,,,,,,,,,,,,,,,,,,,,,,,25.7,875.0,,,54.0,225.0,27.0,24.0,,,,,,0.22,199.0,11.1,28.1,1.26,,,,,,,,,,,,,19.2,2.72,6.15,0.83,3.75,1.15,0.43,1.67,0.3,2.03,0.43,1.22,,1.14,0.17,,0.09,,,,,,,,,0.63,,0.88,0.12,,,,,,,,,,,,,,,,,,,,,,,,,,
"Shandong, North China Craton","GEOCHEMISTRY OF ~2.7 GA BASALTS FROM TAISHAN AREA: CONSTRAINTS ON THE EVOLUTION OF EARLY NEOARCHEAN GRANITE-GREENSTONE BELT IN WESTERN SHANDONG PROVINCE, CHINA",T0824-1 L,BASALT,36.43,117.28,2700.0,ARCHEAN,2700.0,2697.0,2706.0,2715.0,7.24026e-05,"GEOCHEMISTRY OF ~2.7 GA BASALTS FROM TAISHAN AREA: CONSTRAINTS ON THE EVOLUTION OF EARLY NEOARCHEAN GRANITE-GREENSTONE BELT IN WESTERN SHANDONG PROVINCE, CHINA",ARCHEAN CRATON (INCLUDING GREENSTONE BELTS),"Shandong, North China Craton",,36.43,36.43,117.28,117.28,,,,T0824-1 L,BASALT,2700000000.0,2700000000.0,PALEO,,,,,BASALT,,,,,WR,46.4,2.0,,12.8,,,,15.16,10.7,4.4,0.3,,0.2,2.8,0.2,,,,,,,,,,,,,,,,,,,,,,,,,,,,,,,,,,,,,,,,,,,,31.0,,,59.0,,,,,,,,,,,,3.0,240.0,19.0,131.0,10.9,,,,,,,,,,,,,46.0,14.4,34.2,4.71,21.1,5.32,1.77,5.58,0.85,4.81,0.9,2.48,,1.93,0.28,2.8,0.8,,,,,,,,,,,1.11,0.25,,,,,,,,,,,,,,,,,,,,,,,,,,
"Shandong, North China Craton","GEOCHEMISTRY OF ~2.7 GA BASALTS FROM TAISHAN AREA: CONSTRAINTS ON THE EVOLUTION OF EARLY NEOARCHEAN GRANITE-GREENSTONE BELT IN WESTERN SHANDONG PROVINCE, CHINA",T0824-2 L,BASALT,36.43,117.28,2700.0,ARCHEAN,2700.0,2697.0,2706.0,2715.0,0.000944553,"GEOCHEMISTRY OF ~2.7 GA BASALTS FROM TAISHAN AREA: CONSTRAINTS ON THE EVOLUTION OF EARLY NEOARCHEAN GRANITE-GREENSTONE BELT IN WESTERN SHANDONG PROVINCE, CHINA",ARCHEAN CRATON (INCLUDING GREENSTONE BELTS),"Shandong, North China Craton",,36.43,36.43,117.28,117.28,,,,T0824-2 L,BASALT,2700000000.0,2700000000.0,PALEO,,,,,BASALT,,,,,WR,48.0,1.6,,11.4,,,,14.14,9.9,5.4,0.2,,0.3,2.0,0.2,,,,,,,,,,,,,,,,,,,,,,,,,,,,,,,,,,,,,,,,,,,,34.0,,,165.0,,,,,,,,,,,,1.0,139.0,18.0,131.0,11.0,,,,,,,,,,,,,8.0,15.3,36.4,4.81,21.8,5.28,1.53,5.24,0.8,4.56,0.88,2.41,,1.98,0.29,2.8,0.8,,,,,,,,,,,1.19,0.28,,,,,,,,,,,,,,,,,,,,,,,,,,
"Shandong, North China Craton","GEOCHEMISTRY OF ~2.7 GA BASALTS FROM TAISHAN AREA: CONSTRAINTS ON THE EVOLUTION OF EARLY NEOARCHEAN GRANITE-GREENSTONE BELT IN WESTERN SHANDONG PROVINCE, CHINA",T0829-3 L,BASALT,36.43,117.28,2700.0,ARCHEAN,2700.0,2697.0,2706.0,2715.0,0.000225381,"GEOCHEMISTRY OF ~2.7 GA BASALTS FROM TAISHAN AREA: CONSTRAINTS ON THE EVOLUTION OF EARLY NEOARCHEAN GRANITE-GREENSTONE BELT IN WESTERN SHANDONG PROVINCE, CHINA",ARCHEAN CRATON (INCLUDING GREENSTONE BELTS),"Shandong, North China Craton",,36.43,36.43,117.28,117.28,,,,T0829-3 L,BASALT,2700000000.0,2700000000.0,PALEO,,,,,BASALT,,,,,WR,49.3,2.1,,13.1,,,,15.18,9.1,5.2,0.2,,0.3,2.9,0.2,,,,,,,,,,,,,,,,,,,,,,,,,,,,,,,,,,,,,,,,,,,,32.0,,,55.0,,,,,,,,,,,,5.0,228.0,20.0,145.0,11.6,,,,,,,,,,,,,102.0,14.3,34.3,4.82,22.3,5.68,1.83,5.77,0.89,4.96,0.97,2.58,,2.15,0.31,3.1,0.8,,,,,,,,,,,1.13,0.28,,,,,,,,,,,,,,,,,,,,,,,,,,
"Shandong, North China Craton","GEOCHEMISTRY OF ~2.7 GA BASALTS FROM TAISHAN AREA: CONSTRAINTS ON THE EVOLUTION OF EARLY NEOARCHEAN GRANITE-GREENSTONE BELT IN WESTERN SHANDONG PROVINCE, CHINA",T1011 L,BASALT,36.43,117.28,2700.0,ARCHEAN,2700.0,2697.0,2706.0,2715.0,0.002786846,"GEOCHEMISTRY OF ~2.7 GA BASALTS FROM TAISHAN AREA: CONSTRAINTS ON THE EVOLUTION OF EARLY NEOARCHEAN GRANITE-GREENSTONE BELT IN WESTERN SHANDONG PROVINCE, CHINA",ARCHEAN CRATON (INCLUDING GREENSTONE BELTS),"Shandong, North China Craton",,36.43,36.43,117.28,117.28,,,,T1011 L,BASALT,2700000000.0,2700000000.0,PALEO,,,,,BASALT,,,,,WR,46.0,1.6,,10.2,,,,11.86,14.7,3.6,0.2,,0.1,1.7,0.1,,,,,,,,,,,,,,,,,,,,,,,,,,,,,,,,,,,,,,,,,,,,26.0,,,54.0,,,,,,,,,,,,9.0,214.0,21.0,101.0,8.4,,,,,,,,,,,,,49.0,11.74,24.83,3.7,16.21,4.31,1.4,4.37,0.72,4.15,0.85,2.24,,2.0,0.29,2.9,0.6,,,,,,,,,,,0.72,0.27,,,,,,,,,,,,,,,,,,,,,,,,,,
"Shandong, North China Craton","GEOCHEMISTRY OF ~2.7 GA BASALTS FROM TAISHAN AREA: CONSTRAINTS ON THE EVOLUTION OF EARLY NEOARCHEAN GRANITE-GREENSTONE BELT IN WESTERN SHANDONG PROVINCE, CHINA",T1025 L,BASALT,36.43,117.28,2700.0,ARCHEAN,2700.0,2697.0,2706.0,2715.0,3.11383e-05,"GEOCHEMISTRY OF ~2.7 GA BASALTS FROM TAISHAN AREA: CONSTRAINTS ON THE EVOLUTION OF EARLY NEOARCHEAN GRANITE-GREENSTONE BELT IN WESTERN SHANDONG PROVINCE, CHINA",ARCHEAN CRATON (INCLUDING GREENSTONE BELTS),"Shandong, North China Craton",,36.43,36.43,117.28,117.28,,,,T1025 L,BASALT,2700000000.0,2700000000.0,PALEO,,,,,BASALT,,,,,WR,45.3,2.2,,12.6,,,,15.85,7.2,4.6,0.2,,0.1,2.2,0.2,,,,,,,,,,,,,,,,,,,,,,,,,,,,,,,,,,,,,,,,,,,,28.0,,,65.0,,,,,,,,,,,,4.0,125.0,19.0,121.0,11.4,,,,,,,,,,,,,57.0,14.93,34.69,5.01,21.78,5.6,1.64,4.97,0.8,4.47,0.82,2.16,,2.02,0.29,3.3,0.8,,,,,,,,,,,1.21,0.25,,,,,,,,,,,,,,,,,,,,,,,,,,
"Shandong, North China Craton","GEOCHEMISTRY OF ~2.7 GA BASALTS FROM TAISHAN AREA: CONSTRAINTS ON THE EVOLUTION OF EARLY NEOARCHEAN GRANITE-GREENSTONE BELT IN WESTERN SHANDONG PROVINCE, CHINA",T0825-1 M,THOLEIITE,36.43,117.28,2700.0,ARCHEAN,2700.0,2697.0,2706.0,2715.0,0.187375039,"GEOCHEMISTRY OF ~2.7 GA BASALTS FROM TAISHAN AREA: CONSTRAINTS ON THE EVOLUTION OF EARLY NEOARCHEAN GRANITE-GREENSTONE BELT IN WESTERN SHANDONG PROVINCE, CHINA",ARCHEAN CRATON (INCLUDING GREENSTONE BELTS),"Shandong, North China Craton",,36.43,36.43,117.28,117.28,,,,T0825-1 M,THOLEIITE,2700000000.0,2700000000.0,PALEO,,,,,THOLEIITE,,,,,WR,50.1,1.0,,13.3,,,,12.83,9.1,6.4,0.2,,0.1,2.4,0.1,,,,,,,,,,,,,,,,,,,,,,,,,,,,,,,,,,,,,,,,,,,,47.0,,,126.0,,,,,,,,,,,,1.0,113.0,22.0,74.0,3.3,,,,,,,,,,,,,58.0,4.19,11.2,1.67,8.64,2.78,0.97,3.85,0.71,4.55,1.02,2.94,,2.87,0.44,1.8,0.4,,,,,,,,,,,0.34,0.09,,,,,,,,,,,,,,,,,,,,,,,,,,
"Shandong, North China Craton","GEOCHEMISTRY OF ~2.7 GA BASALTS FROM TAISHAN AREA: CONSTRAINTS ON THE EVOLUTION OF EARLY NEOARCHEAN GRANITE-GREENSTONE BELT IN WESTERN SHANDONG PROVINCE, CHINA",T0826-1 M,THOLEIITE,36.43,117.28,2700.0,ARCHEAN,2700.0,2697.0,2706.0,2715.0,0.004347296,"GEOCHEMISTRY OF ~2.7 GA BASALTS FROM TAISHAN AREA: CONSTRAINTS ON THE EVOLUTION OF EARLY NEOARCHEAN GRANITE-GREENSTONE BELT IN WESTERN SHANDONG PROVINCE, CHINA",ARCHEAN CRATON (INCLUDING GREENSTONE BELTS),"Shandong, North China Craton",,36.43,36.43,117.28,117.28,,,,T0826-1 M,THOLEIITE,2700000000.0,2700000000.0,PALEO,,,,,THOLEIITE,,,,,WR,50.5,0.9,,14.2,,,,11.3,11.8,6.5,0.2,,0.2,1.7,0.1,,,,,,,,,,,,,,,,,,,,,,,,,,,,,,,,,,,,,,,,,,,,46.0,,,205.0,,,,,,,,,,,,2.0,130.0,19.0,60.0,2.3,,,,,,,,,,,,,32.0,3.42,8.85,1.38,6.72,2.16,0.82,3.17,0.58,3.9,0.85,2.47,,2.44,0.38,1.4,0.3,,,,,,,,,,,0.32,0.06,,,,,,,,,,,,,,,,,,,,,,,,,,
"Shandong, North China Craton","GEOCHEMISTRY OF ~2.7 GA BASALTS FROM TAISHAN AREA: CONSTRAINTS ON THE EVOLUTION OF EARLY NEOARCHEAN GRANITE-GREENSTONE BELT IN WESTERN SHANDONG PROVINCE, CHINA",T0826-3 M,THOLEIITE,36.43,117.28,2700.0,ARCHEAN,2700.0,2697.0,2706.0,2715.0,0.020434003,"GEOCHEMISTRY OF ~2.7 GA BASALTS FROM TAISHAN AREA: CONSTRAINTS ON THE EVOLUTION OF EARLY NEOARCHEAN GRANITE-GREENSTONE BELT IN WESTERN SHANDONG PROVINCE, CHINA",ARCHEAN CRATON (INCLUDING GREENSTONE BELTS),"Shandong, North China Craton",,36.43,36.43,117.28,117.28,,,,T0826-3 M,THOLEIITE,2700000000.0,2700000000.0,PALEO,,,,,THOLEIITE,,,,,WR,49.7,0.9,,14.1,,,,11.6,10.3,7.5,0.2,,0.1,1.9,0.1,,,,,,,,,,,,,,,,,,,,,,,,,,,,,,,,,,,,,,,,,,,,46.0,,,204.0,,,,,,,,,,,,2.0,114.0,19.0,63.0,2.3,,,,,,,,,,,,,27.0,3.22,8.5,1.3,6.68,2.35,0.84,3.2,0.59,3.97,0.85,2.51,,2.43,0.37,1.5,0.3,,,,,,,,,,,0.29,0.06,,,,,,,,,,,,,,,,,,,,,,,,,,
"Shandong, North China Craton","GEOCHEMISTRY OF ~2.7 GA BASALTS FROM TAISHAN AREA: CONSTRAINTS ON THE EVOLUTION OF EARLY NEOARCHEAN GRANITE-GREENSTONE BELT IN WESTERN SHANDONG PROVINCE, CHINA",T0826-4 P,THOLEIITE,36.43,117.28,2700.0,ARCHEAN,2700.0,2697.0,2706.0,2715.0,0.110197008,"GEOCHEMISTRY OF ~2.7 GA BASALTS FROM TAISHAN AREA: CONSTRAINTS ON THE EVOLUTION OF EARLY NEOARCHEAN GRANITE-GREENSTONE BELT IN WESTERN SHANDONG PROVINCE, CHINA",ARCHEAN CRATON (INCLUDING GREENSTONE BELTS),"Shandong, North China Craton",,36.43,36.43,117.28,117.28,,,,T0826-4 P,THOLEIITE,2700000000.0,2700000000.0,PALEO,,,,,THOLEIITE,,,,,WR,50.5,0.9,,13.8,,,,11.35,11.8,6.8,0.2,,0.1,1.7,0.1,,,,,,,,,,,,,,,,,,,,,,,,,,,,,,,,,,,,,,,,,,,,47.0,,,205.0,,,,,,,,,,,,1.0,113.0,16.0,63.0,2.2,,,,,,,,,,,,,19.0,2.79,7.47,1.15,5.93,2.12,0.6,2.93,0.54,3.56,0.8,2.29,,2.21,0.33,1.5,0.4,,,,,,,,,,,0.27,0.05,,,,,,,,,,,,,,,,,,,,,,,,,,
"Shandong, North China Craton","GEOCHEMISTRY OF ~2.7 GA BASALTS FROM TAISHAN AREA: CONSTRAINTS ON THE EVOLUTION OF EARLY NEOARCHEAN GRANITE-GREENSTONE BELT IN WESTERN SHANDONG PROVINCE, CHINA",T0826-5 P,THOLEIITE,36.43,117.28,2700.0,ARCHEAN,2700.0,2697.0,2706.0,2715.0,0.074442349,"GEOCHEMISTRY OF ~2.7 GA BASALTS FROM TAISHAN AREA: CONSTRAINTS ON THE EVOLUTION OF EARLY NEOARCHEAN GRANITE-GREENSTONE BELT IN WESTERN SHANDONG PROVINCE, CHINA",ARCHEAN CRATON (INCLUDING GREENSTONE BELTS),"Shandong, North China Craton",,36.43,36.43,117.28,117.28,,,,T0826-5 P,THOLEIITE,2700000000.0,2700000000.0,PALEO,,,,,THOLEIITE,,,,,WR,50.4,0.9,,14.8,,,,10.53,11.1,7.2,0.2,,0.1,2.4,0.1,,,,,,,,,,,,,,,,,,,,,,,,,,,,,,,,,,,,,,,,,,,,47.0,,,204.0,,,,,,,,,,,,3.0,137.0,19.0,62.0,2.3,,,,,,,,,,,,,32.0,3.24,8.52,1.31,6.84,2.31,0.84,3.31,0.6,3.8,0.86,2.54,,2.42,0.35,1.4,0.3,,,,,,,,,,,0.28,0.07,,,,,,,,,,,,,,,,,,,,,,,,,,
"Shandong, North China Craton","GEOCHEMISTRY OF ~2.7 GA BASALTS FROM TAISHAN AREA: CONSTRAINTS ON THE EVOLUTION OF EARLY NEOARCHEAN GRANITE-GREENSTONE BELT IN WESTERN SHANDONG PROVINCE, CHINA",T0826-6 P,THOLEIITE,36.43,117.28,2700.0,ARCHEAN,2700.0,2697.0,2706.0,2715.0,0.003163514,"GEOCHEMISTRY OF ~2.7 GA BASALTS FROM TAISHAN AREA: CONSTRAINTS ON THE EVOLUTION OF EARLY NEOARCHEAN GRANITE-GREENSTONE BELT IN WESTERN SHANDONG PROVINCE, CHINA",ARCHEAN CRATON (INCLUDING GREENSTONE BELTS),"Shandong, North China Craton",,36.43,36.43,117.28,117.28,,,,T0826-6 P,THOLEIITE,2700000000.0,2700000000.0,PALEO,,,,,THOLEIITE,,,,,WR,48.9,0.9,,14.4,,,,10.91,13.5,6.0,0.2,,0.1,1.1,0.1,,,,,,,,,,,,,,,,,,,,,,,,,,,,,,,,,,,,,,,,,,,,46.0,,,205.0,,,,,,,,,,,,2.0,104.0,19.0,44.0,2.3,,,,,,,,,,,,,20.0,3.6,9.05,1.36,6.93,2.43,0.93,3.25,0.58,3.86,0.86,2.56,,2.26,0.35,1.1,0.3,,,,,,,,,,,0.29,0.06,,,,,,,,,,,,,,,,,,,,,,,,,,
"Shandong, North China Craton","GEOCHEMISTRY OF ~2.7 GA BASALTS FROM TAISHAN AREA: CONSTRAINTS ON THE EVOLUTION OF EARLY NEOARCHEAN GRANITE-GREENSTONE BELT IN WESTERN SHANDONG PROVINCE, CHINA",T0827-1 P,THOLEIITE,36.43,117.28,2700.0,ARCHEAN,2700.0,2697.0,2706.0,2715.0,0.02091462,"GEOCHEMISTRY OF ~2.7 GA BASALTS FROM TAISHAN AREA: CONSTRAINTS ON THE EVOLUTION OF EARLY NEOARCHEAN GRANITE-GREENSTONE BELT IN WESTERN SHANDONG PROVINCE, CHINA",ARCHEAN CRATON (INCLUDING GREENSTONE BELTS),"Shandong, North China Craton",,36.43,36.43,117.28,117.28,,,,T0827-1 P,THOLEIITE,2700000000.0,2700000000.0,PALEO,,,,,THOLEIITE,,,,,WR,50.6,0.9,,14.2,,,,11.6,11.3,6.5,0.2,,0.2,2.0,0.1,,,,,,,,,,,,,,,,,,,,,,,,,,,,,,,,,,,,,,,,,,,,49.0,,,119.0,,,,,,,,,,,,2.0,111.0,17.0,56.0,2.1,,,,,,,,,,,,,24.0,2.93,7.63,1.21,6.18,2.06,0.77,2.91,0.53,3.57,0.78,2.28,,2.01,0.32,1.3,0.3,,,,,,,,,,,0.24,0.06,,,,,,,,,,,,,,,,,,,,,,,,,,
"Shandong, North China Craton","GEOCHEMISTRY OF ~2.7 GA BASALTS FROM TAISHAN AREA: CONSTRAINTS ON THE EVOLUTION OF EARLY NEOARCHEAN GRANITE-GREENSTONE BELT IN WESTERN SHANDONG PROVINCE, CHINA",T1015 L,basalt,36.43,117.28,2700.0,ARCHEAN,2700.0,2697.0,2706.0,2715.0,0.004935362,"GEOCHEMISTRY OF ~2.7 GA BASALTS FROM TAISHAN AREA: CONSTRAINTS ON THE EVOLUTION OF EARLY NEOARCHEAN GRANITE-GREENSTONE BELT IN WESTERN SHANDONG PROVINCE, CHINA",ARCHEAN CRATON (INCLUDING GREENSTONE BELTS),"Shandong, North China Craton",,36.43,36.43,117.28,117.28,,,,T1015 L,basalt,2700000000.0,2700000000.0,PALEO,,,,,basalt,,,,,WR,46.2,1.1,,15.4,,,,13.3,8.4,8.0,0.2,,0.2,2.9,0.1,,,,,,,,,,,,,,,,,,,,,,,,,,,,,,,,,,,,,,,,,,,,54.0,,,162.0,,,,,,,,,,,,4.0,98.0,25.0,58.0,2.9,,,,,,,,,,,,,54.0,1.82,4.26,0.93,5.47,2.13,0.75,3.19,0.66,4.49,1.0,2.8,,2.65,0.41,1.8,0.2,,,,,,,,,,,0.18,0.06,,,,,,,,,,,,,,,,,,,,,,,,,,
"Shandong, North China Craton","GEOCHEMISTRY OF ~2.7 GA BASALTS FROM TAISHAN AREA: CONSTRAINTS ON THE EVOLUTION OF EARLY NEOARCHEAN GRANITE-GREENSTONE BELT IN WESTERN SHANDONG PROVINCE, CHINA",T1018,THOLEIITE,36.43,117.28,2700.0,ARCHEAN,2700.0,2697.0,2706.0,2715.0,0.947387636,"GEOCHEMISTRY OF ~2.7 GA BASALTS FROM TAISHAN AREA: CONSTRAINTS ON THE EVOLUTION OF EARLY NEOARCHEAN GRANITE-GREENSTONE BELT IN WESTERN SHANDONG PROVINCE, CHINA",ARCHEAN CRATON (INCLUDING GREENSTONE BELTS),"Shandong, North China Craton",,36.43,36.43,117.28,117.28,,,,T1018,THOLEIITE,2700000000.0,2700000000.0,PALEO,,,,,THOLEIITE,,,,,WR,49.6,1.0,,14.0,,,,14.11,7.3,8.1,0.2,,0.1,1.7,0.1,,,,,,,,,,,,,,,,,,,,,,,,,,,,,,,,,,,,,,,,,,,,51.0,,,167.0,,,,,,,,,,,,1.0,80.0,23.0,55.0,6.32,,,,,,,,,,,,,17.0,,,,,,,,,,,,,,,1.7,0.2,,,,,,,,,,,0.19,0.1,,,,,,,,,,,,,,,,,,,,,,,,,,
"Shandong, North China Craton","GEOCHEMISTRY OF ~2.7 GA BASALTS FROM TAISHAN AREA: CONSTRAINTS ON THE EVOLUTION OF EARLY NEOARCHEAN GRANITE-GREENSTONE BELT IN WESTERN SHANDONG PROVINCE, CHINA",T1019-1,THOLEIITE,36.43,117.28,2700.0,ARCHEAN,2700.0,2697.0,2706.0,2715.0,0.002208218,"GEOCHEMISTRY OF ~2.7 GA BASALTS FROM TAISHAN AREA: CONSTRAINTS ON THE EVOLUTION OF EARLY NEOARCHEAN GRANITE-GREENSTONE BELT IN WESTERN SHANDONG PROVINCE, CHINA",ARCHEAN CRATON (INCLUDING GREENSTONE BELTS),"Shandong, North China Craton",,36.43,36.43,117.28,117.28,,,,T1019-1,THOLEIITE,2700000000.0,2700000000.0,PALEO,,,,,THOLEIITE,,,,,WR,51.0,1.0,,14.5,,,,12.3,7.8,5.6,0.2,,0.2,1.7,0.1,,,,,,,,,,,,,,,,,,,,,,,,,,,,,,,,,,,,,,,,,,,,48.0,,,146.0,,,,,,,,,,,,4.0,98.0,26.0,54.0,7.94,,,,,,,,,,,,,38.0,2.73,7.29,1.18,6.32,2.18,0.87,3.08,0.59,4.14,0.9,2.6,,2.56,0.38,1.7,0.2,,,,,,,,,,,0.17,0.12,,,,,,,,,,,,,,,,,,,,,,,,,,
"Shandong, North China Craton","GEOCHEMISTRY OF ~2.7 GA BASALTS FROM TAISHAN AREA: CONSTRAINTS ON THE EVOLUTION OF EARLY NEOARCHEAN GRANITE-GREENSTONE BELT IN WESTERN SHANDONG PROVINCE, CHINA",T1019-2,basalt,36.43,117.28,2700.0,ARCHEAN,2700.0,2697.0,2706.0,2715.0,0.002471203,"GEOCHEMISTRY OF ~2.7 GA BASALTS FROM TAISHAN AREA: CONSTRAINTS ON THE EVOLUTION OF EARLY NEOARCHEAN GRANITE-GREENSTONE BELT IN WESTERN SHANDONG PROVINCE, CHINA",ARCHEAN CRATON (INCLUDING GREENSTONE BELTS),"Shandong, North China Craton",,36.43,36.43,117.28,117.28,,,,T1019-2,basalt,2700000000.0,2700000000.0,PALEO,,,,,basalt,,,,,WR,48.8,1.0,,14.3,,,,12.93,10.0,6.8,0.2,,0.2,1.4,0.1,,,,,,,,,,,,,,,,,,,,,,,,,,,,,,,,,,,,,,,,,,,,49.0,,,153.0,,,,,,,,,,,,3.0,29.0,24.0,56.0,7.15,,,,,,,,,,,,,31.0,3.68,8.71,1.53,7.94,2.76,1.04,3.58,0.67,4.65,1.01,2.88,,2.85,0.44,1.6,0.2,,,,,,,,,,,0.18,0.06,,,,,,,,,,,,,,,,,,,,,,,,,,
"Shandong, North China Craton","GEOCHEMISTRY OF ~2.7 GA BASALTS FROM TAISHAN AREA: CONSTRAINTS ON THE EVOLUTION OF EARLY NEOARCHEAN GRANITE-GREENSTONE BELT IN WESTERN SHANDONG PROVINCE, CHINA",T1019-3,basalt,36.43,117.28,2700.0,ARCHEAN,2700.0,2697.0,2706.0,2715.0,0.000193358,"GEOCHEMISTRY OF ~2.7 GA BASALTS FROM TAISHAN AREA: CONSTRAINTS ON THE EVOLUTION OF EARLY NEOARCHEAN GRANITE-GREENSTONE BELT IN WESTERN SHANDONG PROVINCE, CHINA",ARCHEAN CRATON (INCLUDING GREENSTONE BELTS),"Shandong, North China Craton",,36.43,36.43,117.28,117.28,,,,T1019-3,basalt,2700000000.0,2700000000.0,PALEO,,,,,basalt,,,,,WR,49.8,0.9,,13.9,,,,11.67,10.9,6.8,0.2,,0.2,2.0,0.1,,,,,,,,,,,,,,,,,,,,,,,,,,,,,,,,,,,,,,,,,,,,45.0,,,152.0,,,,,,,,,,,,3.0,107.0,22.0,54.0,7.25,,,,,,,,,,,,,29.0,3.08,7.98,1.39,7.15,2.42,0.92,3.19,0.62,4.4,0.94,2.69,,2.83,0.43,1.5,0.2,,,,,,,,,,,0.16,0.08,,,,,,,,,,,,,,,,,,,,,,,,,,
"Shandong, North China Craton","GEOCHEMISTRY OF ~2.7 GA BASALTS FROM TAISHAN AREA: CONSTRAINTS ON THE EVOLUTION OF EARLY NEOARCHEAN GRANITE-GREENSTONE BELT IN WESTERN SHANDONG PROVINCE, CHINA",T1019-4,THOLEIITE,36.43,117.28,2700.0,ARCHEAN,2700.0,2697.0,2706.0,2715.0,0.000545383,"GEOCHEMISTRY OF ~2.7 GA BASALTS FROM TAISHAN AREA: CONSTRAINTS ON THE EVOLUTION OF EARLY NEOARCHEAN GRANITE-GREENSTONE BELT IN WESTERN SHANDONG PROVINCE, CHINA",ARCHEAN CRATON (INCLUDING GREENSTONE BELTS),"Shandong, North China Craton",,36.43,36.43,117.28,117.28,,,,T1019-4,THOLEIITE,2700000000.0,2700000000.0,PALEO,,,,,THOLEIITE,,,,,WR,48.5,1.0,,14.2,,,,12.16,10.6,6.9,0.2,,0.1,2.3,0.1,,,,,,,,,,,,,,,,,,,,,,,,,,,,,,,,,,,,,,,,,,,,48.0,,,160.0,,,,,,,,,,,,2.0,107.0,23.0,56.0,6.88,,,,,,,,,,,,,22.0,3.32,8.77,1.42,7.25,2.31,0.88,3.1,0.58,3.93,0.85,2.44,,2.57,0.38,1.6,0.2,,,,,,,,,,,0.12,0.08,,,,,,,,,,,,,,,,,,,,,,,,,,
"Shandong, North China Craton","GEOCHEMISTRY OF ~2.7 GA BASALTS FROM TAISHAN AREA: CONSTRAINTS ON THE EVOLUTION OF EARLY NEOARCHEAN GRANITE-GREENSTONE BELT IN WESTERN SHANDONG PROVINCE, CHINA",T1019-5,THOLEIITE,36.43,117.28,2700.0,ARCHEAN,2700.0,2697.0,2706.0,2715.0,0.004348332,"GEOCHEMISTRY OF ~2.7 GA BASALTS FROM TAISHAN AREA: CONSTRAINTS ON THE EVOLUTION OF EARLY NEOARCHEAN GRANITE-GREENSTONE BELT IN WESTERN SHANDONG PROVINCE, CHINA",ARCHEAN CRATON (INCLUDING GREENSTONE BELTS),"Shandong, North China Craton",,36.43,36.43,117.28,117.28,,,,T1019-5,THOLEIITE,2700000000.0,2700000000.0,PALEO,,,,,THOLEIITE,,,,,WR,47.4,1.3,,14.6,,,,13.42,8.4,9.0,0.2,,0.1,2.0,0.1,,,,,,,,,,,,,,,,,,,,,,,,,,,,,,,,,,,,,,,,,,,,49.0,,,174.0,,,,,,,,,,,,1.0,53.0,30.0,71.0,5.97,,,,,,,,,,,,,15.0,3.07,8.02,1.34,6.88,2.31,0.85,3.07,0.58,3.96,0.87,2.54,,2.65,0.39,2.0,0.2,,,,,,,,,,,0.39,0.11,,,,,,,,,,,,,,,,,,,,,,,,,,
"Shandong, North China Craton","GEOCHEMISTRY OF ~2.7 GA BASALTS FROM TAISHAN AREA: CONSTRAINTS ON THE EVOLUTION OF EARLY NEOARCHEAN GRANITE-GREENSTONE BELT IN WESTERN SHANDONG PROVINCE, CHINA",T1023,THOLEIITE,36.43,117.28,2700.0,ARCHEAN,2700.0,2697.0,2706.0,2715.0,0.00838297,"GEOCHEMISTRY OF ~2.7 GA BASALTS FROM TAISHAN AREA: CONSTRAINTS ON THE EVOLUTION OF EARLY NEOARCHEAN GRANITE-GREENSTONE BELT IN WESTERN SHANDONG PROVINCE, CHINA",ARCHEAN CRATON (INCLUDING GREENSTONE BELTS),"Shandong, North China Craton",,36.43,36.43,117.28,117.28,,,,T1023,THOLEIITE,2700000000.0,2700000000.0,PALEO,,,,,THOLEIITE,,,,,WR,51.2,0.8,,12.1,,,,10.19,8.2,6.9,0.2,,0.0,2.3,0.1,,,,,,,,,,,,,,,,,,,,,,,,,,,,,,,,,,,,,,,,,,,,37.0,,,146.0,,,,,,,,,,,,1.0,65.0,17.0,49.0,7.03,,,,,,,,,,,,,23.0,2.44,6.64,1.11,5.97,2.21,0.89,3.6,0.76,5.41,1.18,3.37,,3.36,0.46,1.4,0.2,,,,,,,,,,,0.14,0.07,,,,,,,,,,,,,,,,,,,,,,,,,,
"Shandong, North China Craton","GEOCHEMISTRY OF ~2.7 GA BASALTS FROM TAISHAN AREA: CONSTRAINTS ON THE EVOLUTION OF EARLY NEOARCHEAN GRANITE-GREENSTONE BELT IN WESTERN SHANDONG PROVINCE, CHINA",T1019-6,basalt,36.43,117.28,2700.0,ARCHEAN,2700.0,2697.0,2706.0,2715.0,0.083165146,"GEOCHEMISTRY OF ~2.7 GA BASALTS FROM TAISHAN AREA: CONSTRAINTS ON THE EVOLUTION OF EARLY NEOARCHEAN GRANITE-GREENSTONE BELT IN WESTERN SHANDONG PROVINCE, CHINA",ARCHEAN CRATON (INCLUDING GREENSTONE BELTS),"Shandong, North China Craton",,36.43,36.43,117.28,117.28,,,,T1019-6,basalt,2700000000.0,2700000000.0,PALEO,,,,,basalt,,,,,WR,51.4,1.1,,15.4,,,,14.26,1.2,6.2,0.2,,0.1,2.1,0.1,,,,,,,,,,,,,,,,,,,,,,,,,,,,,,,,,,,,,,,,,,,,48.0,,,166.0,,,,,,,,,,,,1.0,38.0,20.0,59.0,7.7,,,,,,,,,,,,,35.0,2.79,5.26,1.28,7.03,2.17,0.75,2.67,0.51,3.41,0.69,1.91,,2.06,0.32,1.8,0.2,,,,,,,,,,,0.14,0.29,,,,,,,,,,,,,,,,,,,,,,,,,,
"Shandong, North China Craton","GEOCHEMISTRY OF ~2.7 GA BASALTS FROM TAISHAN AREA: CONSTRAINTS ON THE EVOLUTION OF EARLY NEOARCHEAN GRANITE-GREENSTONE BELT IN WESTERN SHANDONG PROVINCE, CHINA",T1019-8,basalt,36.43,117.28,2700.0,ARCHEAN,2700.0,2697.0,2706.0,2715.0,0.081718937,"GEOCHEMISTRY OF ~2.7 GA BASALTS FROM TAISHAN AREA: CONSTRAINTS ON THE EVOLUTION OF EARLY NEOARCHEAN GRANITE-GREENSTONE BELT IN WESTERN SHANDONG PROVINCE, CHINA",ARCHEAN CRATON (INCLUDING GREENSTONE BELTS),"Shandong, North China Craton",,36.43,36.43,117.28,117.28,,,,T1019-8,basalt,2700000000.0,2700000000.0,PALEO,,,,,basalt,,,,,WR,51.9,1.2,,14.9,,,,14.46,1.8,5.8,0.2,,0.4,1.5,0.0,,,,,,,,,,,,,,,,,,,,,,,,,,,,,,,,,,,,,,,,,,,,51.0,,,181.0,,,,,,,,,,,,6.0,42.0,20.0,66.0,8.46,,,,,,,,,,,,,49.0,3.01,8.03,1.28,6.75,2.31,0.86,2.89,0.55,3.67,0.83,2.34,,2.44,0.38,2.0,0.2,,,,,,,,,,,0.37,0.35,,,,,,,,,,,,,,,,,,,,,,,,,,
"Shandong, North China Craton","GEOCHEMISTRY OF ~2.7 GA BASALTS FROM TAISHAN AREA: CONSTRAINTS ON THE EVOLUTION OF EARLY NEOARCHEAN GRANITE-GREENSTONE BELT IN WESTERN SHANDONG PROVINCE, CHINA",T1019-9,basalt,36.43,117.28,2700.0,ARCHEAN,2700.0,2697.0,2706.0,2715.0,0.00702553,"GEOCHEMISTRY OF ~2.7 GA BASALTS FROM TAISHAN AREA: CONSTRAINTS ON THE EVOLUTION OF EARLY NEOARCHEAN GRANITE-GREENSTONE BELT IN WESTERN SHANDONG PROVINCE, CHINA",ARCHEAN CRATON (INCLUDING GREENSTONE BELTS),"Shandong, North China Craton",,36.43,36.43,117.28,117.28,,,,T1019-9,basalt,2700000000.0,2700000000.0,PALEO,,,,,basalt,,,,,WR,50.7,1.1,,15.7,,,,13.82,1.9,6.9,0.2,,0.1,2.3,0.1,,,,,,,,,,,,,,,,,,,,,,,,,,,,,,,,,,,,,,,,,,,,52.0,,,166.0,,,,,,,,,,,,1.0,38.0,26.0,63.0,7.04,,,,,,,,,,,,,7.0,3.75,13.44,1.59,8.46,2.62,0.75,3.2,0.6,3.82,0.78,2.24,,2.36,0.36,1.8,0.2,,,,,,,,,,,0.21,0.09,,,,,,,,,,,,,,,,,,,,,,,,,,
"Shandong, North China Craton","GEOCHEMISTRY OF ~2.7 GA BASALTS FROM TAISHAN AREA: CONSTRAINTS ON THE EVOLUTION OF EARLY NEOARCHEAN GRANITE-GREENSTONE BELT IN WESTERN SHANDONG PROVINCE, CHINA",T1019-10,basalt,36.43,117.28,2700.0,ARCHEAN,2700.0,2697.0,2706.0,2715.0,0.001861933,"GEOCHEMISTRY OF ~2.7 GA BASALTS FROM TAISHAN AREA: CONSTRAINTS ON THE EVOLUTION OF EARLY NEOARCHEAN GRANITE-GREENSTONE BELT IN WESTERN SHANDONG PROVINCE, CHINA",ARCHEAN CRATON (INCLUDING GREENSTONE BELTS),"Shandong, North China Craton",,36.43,36.43,117.28,117.28,,,,T1019-10,basalt,2700000000.0,2700000000.0,PALEO,,,,,basalt,,,,,WR,51.5,1.1,,15.6,,,,13.77,1.3,7.4,0.2,,0.1,2.7,0.1,,,,,,,,,,,,,,,,,,,,,,,,,,,,,,,,,,,,,,,,,,,,50.0,,,183.0,,,,,,,,,,,,0.0,28.0,24.0,62.0,5.82,,,,,,,,,,,,,15.0,2.99,7.9,1.34,7.04,2.51,1.0,3.46,0.66,455.0,0.99,2.85,,2.97,0.44,1.8,0.2,,,,,,,,,,,0.17,0.07,,,,,,,,,,,,,,,,,,,,,,,,,,
"Shandong, North China Craton","GEOCHEMISTRY OF ~2.7 GA BASALTS FROM TAISHAN AREA: CONSTRAINTS ON THE EVOLUTION OF EARLY NEOARCHEAN GRANITE-GREENSTONE BELT IN WESTERN SHANDONG PROVINCE, CHINA",T1021,basalt,36.43,117.28,2700.0,ARCHEAN,2700.0,2697.0,2706.0,2715.0,0.01454179,"GEOCHEMISTRY OF ~2.7 GA BASALTS FROM TAISHAN AREA: CONSTRAINTS ON THE EVOLUTION OF EARLY NEOARCHEAN GRANITE-GREENSTONE BELT IN WESTERN SHANDONG PROVINCE, CHINA",ARCHEAN CRATON (INCLUDING GREENSTONE BELTS),"Shandong, North China Craton",,36.43,36.43,117.28,117.28,,,,T1021,basalt,2700000000.0,2700000000.0,PALEO,,,,,basalt,,,,,WR,50.6,1.1,,14.4,,,,14.59,2.9,7.4,0.2,,0.2,1.2,0.1,,,,,,,,,,,,,,,,,,,,,,,,,,,,,,,,,,,,,,,,,,,,52.0,,,168.0,,,,,,,,,,,,3.0,60.0,21.0,63.0,7.56,,,,,,,,,,,,,75.0,1.99,5.87,1.03,5.82,2.13,0.83,3.07,0.62,4.48,0.97,2.83,,2.83,0.39,1.9,0.2,,,,,,,,,,,0.17,0.03,,,,,,,,,,,,,,,,,,,,,,,,,,
North China Craton,"GEOCHEMISTRY OF NEOARCHEAN (CA. 2.55-2.50 GA) VOLCANIC AND OPHIOLITIC ROCKS IN THE WUTAISHAN GREENSTONE BELT, CENTRAL OROGENIC BELT, NORTH CHINA CRATON: IMPLICATIONS FPR GEODYNAMIC SETTING AND CONTINENTAL GROWTH",2002-63,BASALT,38.8669,113.714,2500.0,ARCHEAN,2550.0,2500.0,2525.0,2550.0,0.965264499,"GEOCHEMISTRY OF NEOARCHEAN (CA. 2.55-2.50 GA) VOLCANIC AND OPHIOLITIC ROCKS IN THE WUTAISHAN GREENSTONE BELT, CENTRAL OROGENIC BELT, NORTH CHINA CRATON: IMPLICATIONS FPR GEODYNAMIC SETTING AND CONTINENTAL GROWTH",ARCHEAN CRATON (INCLUDING GREENSTONE BELTS),North China Craton,,38.8669,38.8669,113.714,113.714,,,,2002-63,BASALT,2500000000.0,2550000000.0,PALEO,,,,,BASALT,,,,,WR,50.6,1.23,,15.42,,,,11.85,9.48,6.8,0.19,,1.02,1.94,0.14,,,,,,,,,,,,,,,,,,,,,,,,,,,,,,,,,,,,,,,,,,,,,,283.0,82.0,,,61.0,137.0,140.0,114.0,,,,,,25.0,246.0,20.4,24.0,2.53,,,,,,,,,,,,,214.0,10.56,24.35,3.2,14.19,3.62,1.15,3.88,0.64,4.0,0.8,2.25,,1.97,0.28,,0.18,,,,,,,,,7.5,,2.02,0.354,,,,,,,,,,,,,,,,,,,,,,,,,,
North China Craton,"GEOCHEMISTRY OF NEOARCHEAN (CA. 2.55-2.50 GA) VOLCANIC AND OPHIOLITIC ROCKS IN THE WUTAISHAN GREENSTONE BELT, CENTRAL OROGENIC BELT, NORTH CHINA CRATON: IMPLICATIONS FPR GEODYNAMIC SETTING AND CONTINENTAL GROWTH",2002-71,BASALT,38.8733,113.767,2500.0,ARCHEAN,2550.0,2500.0,2525.0,2550.0,0.508572042,"GEOCHEMISTRY OF NEOARCHEAN (CA. 2.55-2.50 GA) VOLCANIC AND OPHIOLITIC ROCKS IN THE WUTAISHAN GREENSTONE BELT, CENTRAL OROGENIC BELT, NORTH CHINA CRATON: IMPLICATIONS FPR GEODYNAMIC SETTING AND CONTINENTAL GROWTH",ARCHEAN CRATON (INCLUDING GREENSTONE BELTS),North China Craton,,38.8733,38.8733,113.767,113.767,,,,2002-71,BASALT,2500000000.0,2550000000.0,PALEO,,,,,BASALT,,,,,WR,50.75,0.99,,13.65,,,,13.28,9.89,6.56,0.23,,0.8,2.26,0.11,,,,,,,,,,,,,,,,,,,,,,,,,,,,,,,,,,,,,,,,,,,,,,343.0,112.0,,,63.0,65.0,92.0,143.0,,,,,,35.0,206.0,20.3,43.0,2.18,,,,,,,,,,,,,121.0,6.66,16.57,2.2,9.63,2.61,0.91,3.2,0.58,3.69,0.79,2.37,,2.31,0.35,,0.15,,,,,,,,,6.3,,0.72,0.082,,,,,,,,,,,,,,,,,,,,,,,,,,
North China Craton,"GEOCHEMISTRY OF NEOARCHEAN (CA. 2.55-2.50 GA) VOLCANIC AND OPHIOLITIC ROCKS IN THE WUTAISHAN GREENSTONE BELT, CENTRAL OROGENIC BELT, NORTH CHINA CRATON: IMPLICATIONS FPR GEODYNAMIC SETTING AND CONTINENTAL GROWTH",2002-94,BASALT,38.5,113.0,2500.0,ARCHEAN,2550.0,2500.0,2525.0,2550.0,0.01459762,"GEOCHEMISTRY OF NEOARCHEAN (CA. 2.55-2.50 GA) VOLCANIC AND OPHIOLITIC ROCKS IN THE WUTAISHAN GREENSTONE BELT, CENTRAL OROGENIC BELT, NORTH CHINA CRATON: IMPLICATIONS FPR GEODYNAMIC SETTING AND CONTINENTAL GROWTH",ARCHEAN CRATON (INCLUDING GREENSTONE BELTS),North China Craton,,38.5,38.5,113.0,113.0,,,,2002-94,BASALT,2500000000.0,2550000000.0,PALEO,,,,,BASALT,,,,,WR,50.4,1.67,,13.49,,,,13.9,8.0,5.71,0.32,,2.51,2.2,0.25,,,,,,,,,,,,,,,,,,,,,,,,,,,,,,,,,,,,,,,,,,,,,,421.0,73.0,,,54.0,63.0,81.0,132.0,,,,,,78.0,210.0,29.8,76.0,4.34,,,,,,,,,,,,,631.0,16.1,35.54,4.61,19.88,4.74,1.41,5.26,0.86,5.46,1.13,3.3,,2.95,0.45,,0.27,,,,,,,,,8.3,,1.52,0.226,,,,,,,,,,,,,,,,,,,,,,,,,,
North China Craton,"GEOCHEMISTRY OF NEOARCHEAN (CA. 2.55-2.50 GA) VOLCANIC AND OPHIOLITIC ROCKS IN THE WUTAISHAN GREENSTONE BELT, CENTRAL OROGENIC BELT, NORTH CHINA CRATON: IMPLICATIONS FPR GEODYNAMIC SETTING AND CONTINENTAL GROWTH",TK16,BASALT,38.5,113.0,2500.0,ARCHEAN,2550.0,2500.0,2525.0,2550.0,0.161903352,"GEOCHEMISTRY OF NEOARCHEAN (CA. 2.55-2.50 GA) VOLCANIC AND OPHIOLITIC ROCKS IN THE WUTAISHAN GREENSTONE BELT, CENTRAL OROGENIC BELT, NORTH CHINA CRATON: IMPLICATIONS FPR GEODYNAMIC SETTING AND CONTINENTAL GROWTH",ARCHEAN CRATON (INCLUDING GREENSTONE BELTS),North China Craton,,38.5,38.5,113.0,113.0,,,,TK16,BASALT,2500000000.0,2550000000.0,PALEO,,,,,BASALT,,,,,WR,49.34,0.95,,14.64,,,,12.9,9.77,7.77,0.21,,2.75,0.08,0.16,,,,,,,,,,,,,,,,,,,,,,,,,,,,,,,,,,,,,,,,,,,,,,264.0,211.0,,,38.0,97.0,52.0,68.0,,,,,,2.0,187.0,17.4,25.0,1.71,,,,,,,,,,,,,41.0,2.84,7.67,1.17,5.95,1.93,0.72,2.64,0.45,3.17,0.68,2.01,,1.92,0.27,,0.12,,,,,,,,,,,0.24,0.036,,,,,,,,,,,,,,,,,,,,,,,,,,
North China Craton,"GEOCHEMISTRY OF NEOARCHEAN (CA. 2.55-2.50 GA) VOLCANIC AND OPHIOLITIC ROCKS IN THE WUTAISHAN GREENSTONE BELT, CENTRAL OROGENIC BELT, NORTH CHINA CRATON: IMPLICATIONS FPR GEODYNAMIC SETTING AND CONTINENTAL GROWTH",2002-86,BASALT,38.9303,113.693,2500.0,ARCHEAN,2550.0,2500.0,2525.0,2550.0,0.840905905,"GEOCHEMISTRY OF NEOARCHEAN (CA. 2.55-2.50 GA) VOLCANIC AND OPHIOLITIC ROCKS IN THE WUTAISHAN GREENSTONE BELT, CENTRAL OROGENIC BELT, NORTH CHINA CRATON: IMPLICATIONS FPR GEODYNAMIC SETTING AND CONTINENTAL GROWTH",ARCHEAN CRATON (INCLUDING GREENSTONE BELTS),North China Craton,,38.9303,38.9303,113.693,113.693,,,,2002-86,BASALT,2500000000.0,2550000000.0,PALEO,,,,,BASALT,,,,,WR,47.7,0.61,,14.39,,,,13.73,9.88,9.56,0.29,,1.79,0.05,0.46,,,,,,,,,,,,,,,,,,,,,,,,,,,,,,,,,,,,,,,,,,,,,,199.0,207.0,,,35.0,63.0,,114.0,,,,,,11.0,48.0,16.0,15.0,1.73,,,,,,,,,,,,,78.0,3.1,7.41,1.05,5.36,1.88,1.07,2.54,0.44,2.87,0.6,1.81,,1.64,0.25,,0.09,,,,,,,,,,,0.21,0.067,,,,,,,,,,,,,,,,,,,,,,,,,,
North China Craton,"GEOCHEMISTRY OF NEOARCHEAN (CA. 2.55-2.50 GA) VOLCANIC AND OPHIOLITIC ROCKS IN THE WUTAISHAN GREENSTONE BELT, CENTRAL OROGENIC BELT, NORTH CHINA CRATON: IMPLICATIONS FPR GEODYNAMIC SETTING AND CONTINENTAL GROWTH",2002-64A,BASALT,38.8689,113.714,2500.0,ARCHEAN,2550.0,2500.0,2525.0,2550.0,0.997932315,"GEOCHEMISTRY OF NEOARCHEAN (CA. 2.55-2.50 GA) VOLCANIC AND OPHIOLITIC ROCKS IN THE WUTAISHAN GREENSTONE BELT, CENTRAL OROGENIC BELT, NORTH CHINA CRATON: IMPLICATIONS FPR GEODYNAMIC SETTING AND CONTINENTAL GROWTH",ARCHEAN CRATON (INCLUDING GREENSTONE BELTS),North China Craton,,38.8689,38.8689,113.714,113.714,,,,2002-64A,BASALT,2500000000.0,2550000000.0,PALEO,,,,,BASALT,,,,,WR,50.6,0.97,,15.58,,,,10.37,9.67,7.64,0.2,,0.77,2.95,0.1,,,,,,,,,,,,,,,,,,,,,,,,,,,,,,,,,,,,,,,,,,,,,,324.0,270.0,,,64.0,205.0,68.0,129.0,,,,,,20.0,441.0,15.3,18.0,1.01,,,,,,,,,,,,,194.0,6.23,13.62,2.02,9.25,2.53,0.88,2.89,0.49,3.0,0.59,1.7,,1.45,0.2,,0.07,,,,,,,,,5.6,,0.75,0.141,,,,,,,,,,,,,,,,,,,,,,,,,,
North China Craton,"GEOCHEMISTRY OF NEOARCHEAN (CA. 2.55-2.50 GA) VOLCANIC AND OPHIOLITIC ROCKS IN THE WUTAISHAN GREENSTONE BELT, CENTRAL OROGENIC BELT, NORTH CHINA CRATON: IMPLICATIONS FPR GEODYNAMIC SETTING AND CONTINENTAL GROWTH",2002-85,BASALT,38.9303,113.693,2500.0,ARCHEAN,2550.0,2500.0,2525.0,2550.0,0.06588079,"GEOCHEMISTRY OF NEOARCHEAN (CA. 2.55-2.50 GA) VOLCANIC AND OPHIOLITIC ROCKS IN THE WUTAISHAN GREENSTONE BELT, CENTRAL OROGENIC BELT, NORTH CHINA CRATON: IMPLICATIONS FPR GEODYNAMIC SETTING AND CONTINENTAL GROWTH",ARCHEAN CRATON (INCLUDING GREENSTONE BELTS),North China Craton,,38.9303,38.9303,113.693,113.693,,,,2002-85,BASALT,2500000000.0,2550000000.0,PALEO,,,,,BASALT,,,,,WR,48.82,1.03,,12.57,,,,13.61,9.7,10.81,0.28,,1.28,0.09,0.31,,,,,,,,,,,,,,,,,,,,,,,,,,,,,,,,,,,,,,,,,,,,,,234.0,139.0,,,32.0,44.0,5.0,99.0,,,,,,9.0,32.0,32.0,32.0,3.49,,,,,,,,,,,,,76.0,11.49,26.1,3.42,15.29,4.3,1.89,5.58,0.93,5.87,1.19,3.45,,3.16,0.48,,0.23,,,,,,,,,8.1,,0.75,0.3,,,,,,,,,,,,,,,,,,,,,,,,,,
North China Craton,"GEOCHEMISTRY OF NEOARCHEAN (CA. 2.55-2.50 GA) VOLCANIC AND OPHIOLITIC ROCKS IN THE WUTAISHAN GREENSTONE BELT, CENTRAL OROGENIC BELT, NORTH CHINA CRATON: IMPLICATIONS FPR GEODYNAMIC SETTING AND CONTINENTAL GROWTH",TK-15,BASALT,38.5,113.0,2500.0,ARCHEAN,2550.0,2500.0,2525.0,2550.0,0.129917592,"GEOCHEMISTRY OF NEOARCHEAN (CA. 2.55-2.50 GA) VOLCANIC AND OPHIOLITIC ROCKS IN THE WUTAISHAN GREENSTONE BELT, CENTRAL OROGENIC BELT, NORTH CHINA CRATON: IMPLICATIONS FPR GEODYNAMIC SETTING AND CONTINENTAL GROWTH",ARCHEAN CRATON (INCLUDING GREENSTONE BELTS),North China Craton,,38.5,38.5,113.0,113.0,,,,TK-15,BASALT,2500000000.0,2550000000.0,PALEO,,,,,BASALT,,,,,WR,51.22,1.03,,13.58,,,,12.73,10.19,6.97,0.22,,0.56,1.95,0.13,,,,,,,,,,,,,,,,,,,,,,,,,,,,,,,,,,,,,,,,,,,,,,340.0,180.0,,,60.0,83.0,54.0,91.0,,,,,,12.0,175.0,20.3,22.0,2.21,,,,,,,,,,,,,151.0,9.33,20.86,2.75,11.89,2.91,0.9,3.32,0.56,3.65,0.77,2.33,,2.2,0.33,,0.14,,,,,,,,,2.8,,0.94,0.107,,,,,,,,,,,,,,,,,,,,,,,,,,
North China Craton,"GEOCHEMISTRY OF NEOARCHEAN (CA. 2.55-2.50 GA) VOLCANIC AND OPHIOLITIC ROCKS IN THE WUTAISHAN GREENSTONE BELT, CENTRAL OROGENIC BELT, NORTH CHINA CRATON: IMPLICATIONS FPR GEODYNAMIC SETTING AND CONTINENTAL GROWTH",2002-93,BASALT,38.5,113.0,2500.0,ARCHEAN,2550.0,2500.0,2525.0,2550.0,0.943702698,"GEOCHEMISTRY OF NEOARCHEAN (CA. 2.55-2.50 GA) VOLCANIC AND OPHIOLITIC ROCKS IN THE WUTAISHAN GREENSTONE BELT, CENTRAL OROGENIC BELT, NORTH CHINA CRATON: IMPLICATIONS FPR GEODYNAMIC SETTING AND CONTINENTAL GROWTH",ARCHEAN CRATON (INCLUDING GREENSTONE BELTS),North China Craton,,38.5,38.5,113.0,113.0,,,,2002-93,BASALT,2500000000.0,2550000000.0,PALEO,,,,,BASALT,,,,,WR,49.32,1.64,,13.3,,,,14.98,8.95,5.67,0.3,,2.01,1.9,0.26,,,,,,,,,,,,,,,,,,,,,,,,,,,,,,,,,,,,,,,,,,,,,,451.0,93.0,,,58.0,48.0,63.0,122.0,,,,,,61.0,167.0,26.3,29.0,3.45,,,,,,,,,,,,,416.0,11.95,28.06,3.75,16.14,4.78,1.24,4.45,0.77,4.89,1.03,3.04,,2.85,0.41,,0.24,,,,,,,,,8.4,,0.8,0.552,,,,,,,,,,,,,,,,,,,,,,,,,,
North China Craton,"GEOCHEMISTRY OF NEOARCHEAN (CA. 2.55-2.50 GA) VOLCANIC AND OPHIOLITIC ROCKS IN THE WUTAISHAN GREENSTONE BELT, CENTRAL OROGENIC BELT, NORTH CHINA CRATON: IMPLICATIONS FPR GEODYNAMIC SETTING AND CONTINENTAL GROWTH",2002-92,BASALT,38.5,113.0,2500.0,ARCHEAN,2550.0,2500.0,2525.0,2550.0,0.496836662,"GEOCHEMISTRY OF NEOARCHEAN (CA. 2.55-2.50 GA) VOLCANIC AND OPHIOLITIC ROCKS IN THE WUTAISHAN GREENSTONE BELT, CENTRAL OROGENIC BELT, NORTH CHINA CRATON: IMPLICATIONS FPR GEODYNAMIC SETTING AND CONTINENTAL GROWTH",ARCHEAN CRATON (INCLUDING GREENSTONE BELTS),North China Craton,,38.5,38.5,113.0,113.0,,,,2002-92,BASALT,2500000000.0,2550000000.0,PALEO,,,,,BASALT,,,,,WR,49.54,0.97,,16.75,,,,10.86,8.65,6.96,0.14,,1.67,3.06,0.19,,,,,,,,,,,,,,,,,,,,,,,,,,,,,,,,,,,,,,,,,,,,,,223.0,155.0,,,53.0,158.0,78.0,86.0,,,,,,43.0,356.0,17.4,63.0,3.23,,,,,,,,,,,,,411.0,11.46,27.49,3.67,15.76,3.53,1.18,3.43,0.56,3.29,0.68,2.04,,1.82,0.28,,0.19,,,,,,,,,3.7,,0.69,0.099,,,,,,,,,,,,,,,,,,,,,,,,,,
North China Craton,"GEOCHEMISTRY OF NEOARCHEAN (CA. 2.55-2.50 GA) VOLCANIC AND OPHIOLITIC ROCKS IN THE WUTAISHAN GREENSTONE BELT, CENTRAL OROGENIC BELT, NORTH CHINA CRATON: IMPLICATIONS FPR GEODYNAMIC SETTING AND CONTINENTAL GROWTH",2002-72,BASALT,38.8733,113.767,2500.0,ARCHEAN,2550.0,2500.0,2525.0,2550.0,0.865588546,"GEOCHEMISTRY OF NEOARCHEAN (CA. 2.55-2.50 GA) VOLCANIC AND OPHIOLITIC ROCKS IN THE WUTAISHAN GREENSTONE BELT, CENTRAL OROGENIC BELT, NORTH CHINA CRATON: IMPLICATIONS FPR GEODYNAMIC SETTING AND CONTINENTAL GROWTH",ARCHEAN CRATON (INCLUDING GREENSTONE BELTS),North China Craton,,38.8733,38.8733,113.767,113.767,,,,2002-72,BASALT,2500000000.0,2550000000.0,PALEO,,,,,BASALT,,,,,WR,51.09,0.94,,13.79,,,,12.88,9.82,6.53,0.21,,0.9,2.31,0.1,,,,,,,,,,,,,,,,,,,,,,,,,,,,,,,,,,,,,,,,,,,,,,369.0,131.0,,,67.0,69.0,84.0,178.0,,,,,,41.0,252.0,20.1,32.0,2.13,,,,,,,,,,,,,122.0,6.8,15.62,2.13,9.65,2.64,0.89,3.11,0.55,3.67,0.79,2.33,,2.23,0.32,,0.14,,,,,,,,,7.3,,0.61,0.094,,,,,,,,,,,,,,,,,,,,,,,,,,
North China Craton,"GEOCHEMISTRY OF NEOARCHEAN (CA. 2.55-2.50 GA) VOLCANIC AND OPHIOLITIC ROCKS IN THE WUTAISHAN GREENSTONE BELT, CENTRAL OROGENIC BELT, NORTH CHINA CRATON: IMPLICATIONS FPR GEODYNAMIC SETTING AND CONTINENTAL GROWTH",2002-73,BASALT,38.7787,113.74,2500.0,ARCHEAN,2550.0,2500.0,2525.0,2550.0,0.171668813,"GEOCHEMISTRY OF NEOARCHEAN (CA. 2.55-2.50 GA) VOLCANIC AND OPHIOLITIC ROCKS IN THE WUTAISHAN GREENSTONE BELT, CENTRAL OROGENIC BELT, NORTH CHINA CRATON: IMPLICATIONS FPR GEODYNAMIC SETTING AND CONTINENTAL GROWTH",ARCHEAN CRATON (INCLUDING GREENSTONE BELTS),North China Craton,,38.7787,38.7787,113.74,113.74,,,,2002-73,BASALT,2500000000.0,2550000000.0,PALEO,,,,,BASALT,,,,,WR,49.63,1.16,,15.28,,,,12.0,8.47,7.75,0.19,,1.58,2.49,0.13,,,,,,,,,,,,,,,,,,,,,,,,,,,,,,,,,,,,,,,,,,,,,,270.0,83.0,,,64.0,156.0,180.0,114.0,,,,,,50.0,217.0,20.4,38.0,3.45,,,,,,,,,,,,,332.0,11.46,24.9,3.39,14.59,3.6,1.07,3.84,0.65,3.95,0.82,2.33,,2.08,0.3,,0.24,,,,,,,,,5.9,,1.98,0.281,,,,,,,,,,,,,,,,,,,,,,,,,,
North China Craton,"GEOCHEMISTRY OF NEOARCHEAN (CA. 2.55-2.50 GA) VOLCANIC AND OPHIOLITIC ROCKS IN THE WUTAISHAN GREENSTONE BELT, CENTRAL OROGENIC BELT, NORTH CHINA CRATON: IMPLICATIONS FPR GEODYNAMIC SETTING AND CONTINENTAL GROWTH",2002-11,BASALT,39.0068,114.128,2500.0,ARCHEAN,2550.0,2500.0,2525.0,2550.0,0.076715581,"GEOCHEMISTRY OF NEOARCHEAN (CA. 2.55-2.50 GA) VOLCANIC AND OPHIOLITIC ROCKS IN THE WUTAISHAN GREENSTONE BELT, CENTRAL OROGENIC BELT, NORTH CHINA CRATON: IMPLICATIONS FPR GEODYNAMIC SETTING AND CONTINENTAL GROWTH",ARCHEAN CRATON (INCLUDING GREENSTONE BELTS),North China Craton,,39.0068,39.0068,114.128,114.128,,,,2002-11,BASALT,2500000000.0,2550000000.0,PALEO,,,,,BASALT,,,,,WR,50.8,0.86,,15.13,,,,9.97,9.65,8.41,0.18,,3.35,0.07,0.46,,,,,,,,,,,,,,,,,,,,,,,,,,,,,,,,,,,,,,,,,,,,,,238.0,276.0,,,50.0,142.0,41.0,48.0,,,,,,8.0,124.0,17.2,24.0,1.49,,,,,,,,,,,,,149.0,12.07,16.25,1.78,7.07,1.92,0.7,2.71,0.45,3.01,0.64,1.9,,1.77,0.27,,0.17,,,,,,,,,,,0.32,0.152,,,,,,,,,,,,,,,,,,,,,,,,,,
North China Craton,"GEOCHEMISTRY OF NEOARCHEAN (CA. 2.55-2.50 GA) VOLCANIC AND OPHIOLITIC ROCKS IN THE WUTAISHAN GREENSTONE BELT, CENTRAL OROGENIC BELT, NORTH CHINA CRATON: IMPLICATIONS FPR GEODYNAMIC SETTING AND CONTINENTAL GROWTH",2002-74,BASALT,38.8689,113.74,2500.0,ARCHEAN,2550.0,2500.0,2525.0,2550.0,0.00485685,"GEOCHEMISTRY OF NEOARCHEAN (CA. 2.55-2.50 GA) VOLCANIC AND OPHIOLITIC ROCKS IN THE WUTAISHAN GREENSTONE BELT, CENTRAL OROGENIC BELT, NORTH CHINA CRATON: IMPLICATIONS FPR GEODYNAMIC SETTING AND CONTINENTAL GROWTH",ARCHEAN CRATON (INCLUDING GREENSTONE BELTS),North China Craton,,38.8689,38.8689,113.74,113.74,,,,2002-74,BASALT,2500000000.0,2550000000.0,PALEO,,,,,BASALT,,,,,WR,50.87,1.84,,16.71,,,,11.63,7.97,4.83,0.18,,3.48,0.3,0.9,,,,,,,,,,,,,,,,,,,,,,,,,,,,,,,,,,,,,,,,,,,,,,204.0,,,,33.0,41.0,68.0,54.0,,,,,,15.0,577.0,31.2,48.0,8.04,,,,,,,,,,,,,317.0,22.51,50.65,7.09,31.06,6.83,2.02,6.12,0.96,5.45,1.09,3.04,,2.71,0.42,,0.6,,,,,,,,,12.1,,1.51,0.281,,,,,,,,,,,,,,,,,,,,,,,,,,
